Entity,Year,0-4 Years,5-14 Years,15-49 Years,70+ Years,50-69 Years
Afghanistan,2000,431.4313798301957,298.71751958584497,2664.6755616064715,3467.8365027889818,5742.719806631873
Afghanistan,2005,570.2985661019342,607.5320413282087,3574.085436016991,3716.360311108094,5569.999390377652
Afghanistan,2010,454.02806320461195,586.5938320089045,4736.447963672656,3900.8799126229296,4967.798862405291
Afghanistan,2015,481.28940967644485,620.6637574793308,5749.126878422641,4091.136810664516,4960.1207763650045
Afghanistan,2017,511.0487725497348,649.2048789443787,5981.327822717986,4172.57586437743,5356.300571382699
Algeria,2000,206.64657605323052,580.9939108029938,2874.90842196776,4649.551007520764,4571.649105770584
Algeria,2005,200.0695359144208,451.5958739498414,3277.4443776364533,5771.431442989106,5702.268530452063
Algeria,2010,206.48538784040835,410.1663743611172,3771.157611079035,7093.725187684881,6760.180606850218
Algeria,2015,178.9577805151017,389.14115805798986,4003.923699427351,7969.0601540428415,7973.73723903559
Algeria,2017,162.4653904738045,370.9447606303665,4054.261742277679,8316.972246410072,8751.438951183056
Angola,2000,427.4385798518649,159.75746031469652,1940.1525707449111,1546.2144560920362,3324.2845528706603
Angola,2005,507.045803424052,188.40310997303638,2173.927132306806,1761.8473168974374,3731.1349009381956
Angola,2010,493.81496367462313,225.99063502011433,2348.715483425328,2130.1473693547887,4381.1387023376365
Angola,2015,441.8398601655194,272.8218629459805,2567.3615298776513,2644.5649287268952,5286.590379185106
Angola,2017,405.0038804949704,274.69890504782063,2713.5546475765477,2840.786997615457,5805.78984962277
Argentina,2000,199.64868220499517,346.22739595034284,6289.277253404869,31149.580813716602,23157.658292158678
Argentina,2005,184.37558690053558,350.8371302373778,6005.910904445603,33613.67137561031,24184.423138862778
Argentina,2010,180.44180597282696,339.9665968848359,6149.592113235779,35640.96359453796,25651.68080588333
Argentina,2015,163.49510305637318,311.4491948779753,6290.449343121943,37739.88039810541,27061.797521797533
Argentina,2017,166.1162292319751,305.90084118872835,6615.096752408437,39112.43083508804,27866.35200117891
Armenia,2000,12.760114231678187,27.76648965258542,695.7813037893166,1621.7218220850796,2179.478868853807
Armenia,2005,10.740322123063825,21.052865952945886,710.4570635667658,2180.5246630168385,2234.2657043433296
Armenia,2010,10.615084871965703,17.42318295701225,626.2426239249273,2772.876923860841,2210.837706481801
Armenia,2015,9.23110019517944,17.884080588589047,471.7129659067738,2632.954785773608,2597.724894851474
Armenia,2017,8.63730458080213,17.665317101693553,442.47822175106126,2555.75111613349,2731.084299696279
Australia,2000,47.28615399838856,102.87301430283556,2705.014744931656,22189.58775801422,11695.154461379165
Australia,2005,46.8306977744822,87.88692232774444,2570.2258588041627,24067.936734378505,12303.299071949772
Australia,2010,45.905601449302175,81.47629610943504,2566.089877800205,26616.00758139333,13491.904990753068
Australia,2015,43.49529895741763,80.72925328839949,2571.265383304675,29492.08515669225,14867.145145697412
Australia,2017,43.52830774170378,80.25019319437304,2598.9480245563173,32029.38675677987,15501.962064635056
Azerbaijan,2000,57.473436608734225,233.43759932527374,1492.4141975068148,1886.0589604383886,3250.4559013408216
Azerbaijan,2005,56.2321222805666,199.96497762891659,1821.4696280692401,2365.472493904723,3403.0309335100346
Azerbaijan,2010,65.47807640567873,138.7028575463774,1974.4980699507087,2902.3032350464673,3816.2197243624732
Azerbaijan,2015,69.28596973923729,128.3422673532771,1863.5635507867264,2846.090447493508,5256.577107861057
Azerbaijan,2017,66.12375863164203,136.69163346787244,1815.1659510518843,2934.931000356948,6000.789061631727
Bahrain,2000,2.3616144198908597,5.661460314981952,77.68940036361747,101.03254089761248,111.70810671100557
Bahrain,2005,2.47531815020738,4.423871513776397,92.30719074268599,117.22221466724112,130.3922025095753
Bahrain,2010,2.7161944780893084,4.597302877287191,98.42668329613969,114.27965218169253,157.9399829795615
Bahrain,2015,2.457566989385352,4.761117653806603,108.51230560631686,135.50730885644242,232.0588208862389
Bahrain,2017,2.208439614818237,4.754799252780088,115.60403173632008,147.99806598880795,282.06813787685394
Bangladesh,2000,1424.5967294720144,2422.0429528546547,14251.000335587676,15384.941094214066,24538.751253024668
Bangladesh,2005,1301.9339277748525,2138.0146755833684,15834.470066575966,17747.962591808566,29061.0055319972
Bangladesh,2010,1102.9188755440193,2312.240979423133,16606.28611986814,23901.21099891405,34186.457879072914
Bangladesh,2015,921.8949292492816,1989.1843053355826,16434.8732389321,32629.54592350023,39530.31570868604
Bangladesh,2017,856.4884665156234,1828.9192126375506,17304.139175045617,37064.998292303455,42247.11473956293
Belgium,2000,21.65232249275052,39.936390061417924,1726.2920818873677,17413.915678810914,9365.823101112996
Belgium,2005,19.591782373773533,37.303936537657144,1601.9922073581654,17611.770113757822,9105.480792681412
Belgium,2010,20.014003411628998,33.399203843230445,1454.8354276872547,19546.78182659515,9573.486147491498
Belgium,2015,17.23663317984841,31.093887568505554,1217.3435794463965,20024.661001812994,9950.31846956455
Belgium,2017,16.290634659963064,30.39364161238326,1151.0541545031065,19861.822584525173,9722.39741444088
Benin,2000,132.3665147311527,61.9575978917232,648.7396992063259,1150.4975796641345,1234.2699654520393
Benin,2005,141.7333214860021,64.3488930602752,716.8453786511689,1328.9745994372895,1400.2016390005938
Benin,2010,159.65000913592368,78.44438680978716,826.6211079901593,1565.6994404353445,1653.531616435351
Benin,2015,219.62826183273617,95.70306309743928,992.7517740008343,1827.5763879525532,1998.5581746526984
Benin,2017,206.85090857669252,93.97684343421186,1042.942314260186,1930.544647508641,2159.221326367044
Botswana,2000,7.241513344054438,10.056920847652515,150.07838445104375,350.45788858556017,371.1589804546544
Botswana,2005,6.665830265867418,9.297231193520755,193.91891923590768,460.1410141623271,452.04566597234896
Botswana,2010,6.926741633366975,9.509350645998452,219.1388084680744,511.3058294633388,506.25027732276465
Botswana,2015,7.401964794622679,11.92623904223921,244.5829591403724,579.5575788149644,589.0723879994104
Botswana,2017,7.466383844238043,12.407534361463654,248.90348880499158,597.782161147062,620.2595290160338
Brazil,2000,1482.2449079485687,1999.4191996823145,26654.116609938625,60179.16413813036,64227.988598740354
Brazil,2005,1312.3848856660927,2070.0627066262828,28497.92842393379,72558.73559220822,72766.8249352822
Brazil,2010,1144.6049494125639,1992.5345838104333,29817.51519835601,85989.60668004499,83506.92228202219
Brazil,2015,1002.2683460938248,1631.882476958889,29767.515398675743,99245.2974105256,95000.36740134154
Brazil,2017,917.3289927129173,1570.597945912339,31155.348969768078,108225.47716237321,103100.58429836345
Bulgaria,2000,19.650447730618964,42.710028729481344,1685.7526431927413,7211.316152416844,7636.23397338461
Bulgaria,2005,18.882275601735376,36.73742489451564,1617.402313563578,8412.865562621195,8088.224385967514
Bulgaria,2010,20.846356596737163,32.2748876010396,1509.2683567581296,8958.327352882303,8442.405056943027
Bulgaria,2015,15.368079585266075,25.4523247385193,1430.6650501732172,8740.483480640938,8611.881776318029
Bulgaria,2017,13.949697426558073,26.089296554228053,1432.469354580379,8819.917902042227,8441.819088377344
Burkina Faso,2000,317.7758740721455,118.3196643549831,1500.542902191497,2454.127997393881,2914.564427719978
Burkina Faso,2005,300.2955880620006,113.57666117655613,1594.964121835844,2578.0737970187824,2978.1737039339228
Burkina Faso,2010,349.16579076111975,118.64346581657787,1901.5627665776003,2945.3754699854576,3509.414999117029
Burkina Faso,2015,488.3210294467921,151.99122738091646,2250.4736989860726,3359.046474126003,4206.124176571522
Burkina Faso,2017,524.1156540850628,162.11169717596755,2395.3667482259925,3515.0628596444258,4499.624923295719
Burundi,2000,166.30040026302504,100.34497871190055,989.7915553842979,803.4655385674347,1652.159520989577
Burundi,2005,189.8824618345405,114.608113543795,938.8405977038764,807.3587111873823,1582.902788328469
Burundi,2010,203.032355147539,128.07461909181185,970.5042139369984,869.5041237883438,1717.4531646583325
Burundi,2015,220.16005933260402,142.14325413058472,1055.9664601992226,979.020454644694,2066.583978766428
Burundi,2017,210.84135076001985,142.6688879916955,1110.1766288125916,1035.5465178042261,2211.7498063167227
Cambodia,2000,121.89487026610549,161.67299404678118,1729.9795003957959,2209.4864381239718,3612.44703863985
Cambodia,2005,102.09174923239159,147.81728296874178,1866.1564629298605,2601.172881672101,4008.0604152534092
Cambodia,2010,85.88214774127174,125.83132034208299,1985.1886663454648,3169.753080814418,4712.6384765595285
Cambodia,2015,85.68360594905904,119.88441028010588,2083.8664788799215,3818.4793047841295,5743.649695839301
Cambodia,2017,80.75533308725525,117.3031927279507,2107.150361301786,4131.647623234725,6225.733122557614
Cameroon,2000,273.7192415675437,142.81596430615613,1913.222338564458,2618.2356367873967,3918.224245291713
Cameroon,2005,286.8260561079608,145.85540588051182,2152.018781760941,3270.6162171998208,4359.186377151074
Cameroon,2010,393.3616073429459,225.86174401723252,2472.062715442947,3962.2119135255766,5060.201387697885
Cameroon,2015,384.8108874699466,259.5535411921548,2768.3276268845552,4574.2728688070565,5851.395365087814
Cameroon,2017,383.23073181741546,277.8000187232287,2924.752225056356,4842.772034941489,6229.078128184881
Canada,2000,58.205116287514066,128.2065992209778,4646.001476266099,38842.679116872336,22130.462398201464
Canada,2005,58.39289852313625,120.44911549229128,4582.650477587128,42395.53652145478,23774.45931299524
Canada,2010,60.86793125336792,100.4461832760569,4017.2154489056047,46161.05916394034,25501.4589883671
Canada,2015,63.62736098933157,111.04333548714544,3763.2677896709474,50943.075353005384,29023.349716761226
Canada,2017,64.10053478858183,110.37480378280578,3627.7307324960734,53027.081183974886,29400.172798478925
Chad,2000,170.85861818065115,79.14768244585629,732.6579035237006,1484.9694948867325,1590.6698947931707
Chad,2005,191.3350145703536,91.49199466352836,853.9098129270226,1722.7431724271905,1819.904208708128
Chad,2010,251.86015243560692,120.64803305401556,982.6172915172183,1926.2800516345865,2074.9123559542713
Chad,2015,303.7321683844502,152.88710150274878,1139.807737645165,2168.52862855053,2448.5453643430637
Chad,2017,317.8165113277418,162.922497831087,1220.0759361296741,2312.232016548792,2606.5961072680802
Chile,2000,64.31241803977417,130.55293480077623,2117.6014700799215,10293.03687094692,7025.998756282778
Chile,2005,57.80232310089054,116.67259437415942,2211.8660497911,11997.293367345708,7657.0615236024205
Chile,2010,53.72467693171543,98.73758497411042,2272.546378041191,14016.899808207148,8772.158723122258
Chile,2015,51.57313946640774,100.34576958545578,2178.7614230868144,16035.113946907368,9710.848929642952
Chile,2017,49.19095422124712,97.87026442128763,2162.7838248329813,17350.64817941292,10455.997832852954
China,2000,12348.431640753062,21021.70098284113,354425.6446780825,653228.9007818868,723979.5768626955
China,2005,8521.590814593214,10266.125487853164,264668.5209050037,802350.5298279782,816566.1802122338
China,2010,6759.9561548740185,8766.549199799252,265792.77009731764,927279.036195277,865258.4812671824
China,2015,6013.216606254206,9025.129242757092,264309.62790629023,1049615.5784508206,1168328.2496782208
China,2017,5421.93498860906,8494.46268961704,254597.4054541477,1130669.6292696416,1207723.3531531792
Colombia,2000,343.15210004338763,520.672892042347,4850.753064507385,12347.41017991235,10916.690754466565
Colombia,2005,356.16770344921446,509.8838350031128,5235.1916948683065,14910.98482692907,12098.380304852795
Colombia,2010,352.7386109915185,554.6245622552972,5689.4571432009925,17628.490945265858,13849.157236869823
Colombia,2015,285.73285289450297,530.2300122762076,5750.226104802804,20652.98113746776,15795.315761138294
Colombia,2017,276.6276443637896,509.46566606748763,5752.770528972733,22910.353293513148,17126.673082763285
Comoros,2000,11.062460436437103,10.365466968425077,88.93691922630089,102.11158605400257,173.6442703472934
Comoros,2005,10.381855567256428,10.183396269857866,92.55932880293972,117.11342181541842,179.42159198444546
Comoros,2010,11.993953857821833,11.727374874182676,103.36028557548828,142.61147488734238,199.3713510356125
Comoros,2015,9.520953056480405,11.171936094210007,113.72681631690992,172.08804142025102,230.22824820396218
Comoros,2017,9.071703416283038,10.916653814214364,117.22370927044344,184.25638485463662,243.78853435790103
Congo,2000,67.89563365781831,31.6574596051686,507.4423221747417,561.9505984566433,946.4264032242012
Congo,2005,67.15898851782347,33.37555626024897,546.5513719983277,609.2784762922226,997.6307209005494
Congo,2010,63.67967763101407,37.804024734300015,633.4367383700861,710.8268427140222,1127.7313543083078
Congo,2015,56.85112764205193,43.44542458728307,741.9463678072221,829.8783319241078,1375.1730415400425
Congo,2017,51.95987183330968,44.64778445738083,794.8718341095794,876.5667371844008,1507.4334527819085
Costa Rica,2000,21.812353631945335,40.86667222105672,506.26133705743894,1599.2859366279433,1031.2867416443532
Costa Rica,2005,18.367720808115944,41.66366571003643,542.2609400813426,1800.8706793606164,1192.1195973617553
Costa Rica,2010,19.058771994105452,37.049914204277634,604.292739224067,2268.778719519573,1521.4913838568816
Costa Rica,2015,15.964228757371215,28.059415421920818,623.1350711507077,2665.430553237697,1795.6511814248458
Costa Rica,2017,15.147733397414612,25.95091901790168,640.3589225426732,2981.871102416759,2053.703791289221
Croatia,2000,9.510488832906127,20.705315760962176,972.4737891961328,5726.278064276134,5413.108258519211
Croatia,2005,7.988818424151088,16.504571575281684,838.9946393489466,6759.043305686551,5002.951900055391
Croatia,2010,7.470354637555253,14.470456764949148,706.3846786813543,7843.992112163218,4997.816103032322
Croatia,2015,6.9881579708986115,12.86343945416546,611.377780816362,8585.320199861577,5325.169266962891
Croatia,2017,6.351452278448412,11.93910404027774,519.6817921403057,7981.838223756403,5028.977696443662
Cuba,2000,45.002772210831424,88.38248657338539,1920.2553774896246,8767.479272027344,6327.0021088980775
Cuba,2005,39.93886588632417,72.18196167554558,1985.3921554495614,10594.614656004906,7465.412227721375
Cuba,2010,33.840613036465996,65.5565096096505,2017.2503750715045,12206.836756022525,8446.81770134133
Cuba,2015,35.95992195237544,58.264395415326746,1830.4068021814069,13947.661013729983,9621.353708696464
Cuba,2017,32.192332582466854,54.396436936042726,1769.8590878200225,14409.563255883933,9937.04687729266
Cyprus,2000,1.911763169035464,6.564283833296177,113.68224862768587,736.0097271665869,506.2312761799308
Cyprus,2005,1.5195417063233336,5.0054948366308025,121.32041332457425,854.6559375786475,600.0754638170357
Cyprus,2010,1.33576431376209,4.035179618373531,125.2647806272732,958.2356265884378,682.497537959233
Cyprus,2015,1.221213531829357,3.9323907750760494,127.7942220340481,1108.2494823894344,728.0861062744858
Cyprus,2017,1.1807014366203443,3.786692163771921,128.36837025016123,1184.2422961119087,740.7419614903838
Denmark,2000,13.793052461201846,26.08472209357296,888.7607469349824,9692.86615845246,5559.428784150042
Denmark,2005,11.678486135273948,22.113925803316523,772.0658072708293,9824.423858410191,5573.080394427208
Denmark,2010,9.861322832217226,17.42636541685409,717.2369949317206,10464.036869413396,5907.956674348794
Denmark,2015,8.983538722085154,16.026606218865837,568.2744990018023,10676.837937543145,5380.520839421445
Denmark,2017,8.509678424975293,16.96023695756903,562.2965781446751,11428.89609848801,5387.589680792835
Ecuador,2000,110.48537964957359,208.7624806501823,1500.5417984308483,4035.460005378848,2800.3106231322613
Ecuador,2005,117.76978962522243,239.5146163029144,1923.1626098255201,5595.949635336326,3633.155041262477
Ecuador,2010,137.63893072508978,249.18722304813645,2162.2505179497502,6906.805600878089,4371.421122700154
Ecuador,2015,130.91286978401286,242.99519480372882,2148.1168157379334,7639.998367171741,4788.3467359054275
Ecuador,2017,124.49077853776372,232.5929279044804,2226.9115131510307,8330.32105450772,5182.924599616559
Egypt,2000,674.6331177281861,986.802674039418,7751.501768873385,6007.062320205258,12300.807502160154
Egypt,2005,699.493772457256,1033.838996239914,9785.58636326788,7029.733313897283,16178.192253162155
Egypt,2010,719.9079383339191,1004.6839907925979,10725.52836332759,8268.463119052214,19763.46595955104
Egypt,2015,722.4725057994394,1052.5027862675468,11555.123814809587,9731.103788347791,22356.303986471587
Egypt,2017,650.577188093991,1082.7797365162037,12121.329676212274,10425.900883374261,23743.80211071579
El Salvador,2000,40.795380770461094,67.36237828249794,672.9370355852346,1681.12023995663,1366.4328047867684
El Salvador,2005,30.953156639177784,65.25003692156046,738.6353853239629,2200.016587120495,1547.7392358866143
El Salvador,2010,22.409128402595982,55.77683894805196,744.8217118747708,2483.444779731038,1687.819519289018
El Salvador,2015,17.65467255511727,54.134856129993324,817.6939196513957,2737.564093177971,1836.7502253322095
El Salvador,2017,17.189578939387857,48.11239343239763,817.1915325100363,2833.138088520463,1922.1118420510682
Estonia,2000,3.5735639425600456,9.019318836406992,287.4692393850307,1498.0732547244515,1471.3890482210772
Estonia,2005,3.4386505375104046,6.033172269822337,237.3944221039769,1771.4788106621688,1462.5101572811234
Estonia,2010,3.1317463525634923,5.2637156176521955,180.37163200240852,2042.3984266163613,1267.8999770030694
Estonia,2015,2.768446218175351,5.625406792335205,156.1358594691926,2091.092746498872,1270.6766048378465
Estonia,2017,2.509668919508574,4.929618011980444,154.25033035569587,2047.3350409408813,1251.910412536055
Ethiopia,2000,1837.8190039349206,1219.1630661617976,8849.744139819491,7291.4961580833215,14424.305609594736
Ethiopia,2005,1903.2065717861622,1400.948083188073,8164.4182182511695,8165.026636537592,13895.314156688377
Ethiopia,2010,1884.7958758817285,1593.4961020330065,8801.285978420141,9888.487043439052,14385.146885574732
Ethiopia,2015,1686.229738035886,1554.5688997488212,9710.31943770603,11886.090950633296,15489.549081052348
Ethiopia,2017,1692.572797516126,1600.3271095880066,10095.714609758732,12997.846796157928,16408.95012198408
Fiji,2000,7.108934456355038,10.213146858190287,117.900851036728,110.86421952004092,198.21732635258635
Fiji,2005,7.455968587851625,8.959823738095501,128.40371977906156,134.28094335300005,233.84157001334012
Fiji,2010,8.50220615143721,8.105991166265257,147.229313482189,171.7124797155789,288.5524881886969
Fiji,2015,8.70345201645619,9.140769792014812,145.6310805261618,210.01233126017533,333.3470697841555
Fiji,2017,8.640428479693721,10.05507272404765,145.92195999959998,225.22290124465144,349.2226243320793
Finland,2000,9.52787458567234,24.10243170670898,679.1360860284483,6580.330714285229,3500.9956158947807
Finland,2005,9.491619344358387,23.84229824068161,594.1017475742625,6812.009825363921,3807.598829175992
Finland,2010,8.615414846979522,17.756173092066856,520.6257527546908,7389.917728282269,4060.317023586624
Finland,2015,6.840663231290687,16.279226929967283,418.4529262370256,7934.72830451872,4052.2912458585815
Finland,2017,6.710651204282732,18.277790362802147,412.61775965704425,8619.791708117042,4031.7077023144234
France,2000,146.85557142628784,262.51028000881286,11941.059533268764,92994.09096379751,52120.9361401315
France,2005,133.3097840879738,224.20902022169705,10632.692801122745,100594.25608305367,52973.03697547616
France,2010,135.08645065486795,218.423441020708,9404.66264154045,107630.51836821325,56663.4297014817
France,2015,142.22591216106568,214.803141983978,8022.161834958241,111158.29059616584,59947.004784795856
France,2017,136.24099199047137,207.18166375057652,7636.56720174938,114714.18466846972,59547.115253422155
Georgia,2000,16.57736535594163,33.19039220333236,727.5589042141651,1820.0369034256673,2309.087391394977
Georgia,2005,17.041646046364836,25.261028047710184,791.2504141311754,2234.0387957287844,2496.4441829324132
Georgia,2010,15.672433127216575,23.181391088201536,845.1063363163668,3094.4430149156933,2913.5597011227555
Georgia,2015,15.240517149997988,24.76406563781668,765.1333083073449,3429.687906519936,3830.424781360653
Georgia,2017,14.134754809195533,22.412592075068307,776.3830520305963,3183.804576823173,3928.903840701746
Germany,2000,134.5709395914387,278.49226337762,13237.44717064136,121684.55037090713,78677.78310927632
Germany,2005,110.50369329564863,234.5986745338989,12045.591208161335,126673.5670317157,76746.16076278286
Germany,2010,96.76754808622286,197.6839873245488,10910.718940157643,147038.02351965845,72707.02318519018
Germany,2015,103.23948597138045,175.26319984109472,9198.592540641921,162953.22161295413,74307.11440558816
Germany,2017,104.4203565082323,178.2610869580494,9123.608990043474,164677.01034791177,78680.06571234454
Ghana,2000,444.1700393238353,264.8264885230732,2632.3615320179433,3273.966975844204,4475.1668489240665
Ghana,2005,284.00527357492734,181.6884130319294,2621.7690424018992,3779.745330398258,4939.418872360968
Ghana,2010,209.76826186248147,168.8399266500649,2969.40415170258,4513.4547606893,5774.44899718062
Ghana,2015,324.73650255494505,235.53996210618075,3594.9892606410585,5381.981466389303,6888.7405241558945
Ghana,2017,346.06597371133523,251.2075069794437,3829.6564573976643,5740.440312408517,7391.357230683744
Greece,2000,20.785578484199323,41.60264193804402,1500.2220965193094,15616.087250343113,8475.322259126753
Greece,2005,18.536036755935122,41.099616395251225,1507.8226447774027,18672.250550045334,8239.484278685324
Greece,2010,20.2180191391258,37.24077129967488,1452.5656858447735,19144.5094319418,8165.1916835209995
Greece,2015,16.395270894255354,30.305109875076923,1319.4675923056518,20359.862532024657,8917.326793918779
Greece,2017,15.207411691469705,29.21078415906415,1293.533280614763,21064.361510296752,8842.922314028005
Grenada,2000,0.6025755800103337,1.0564746494633364,16.038408506471278,46.44538279757927,38.375584272560495
Grenada,2005,0.6142270280701756,1.0724515251655955,18.13497492601552,59.922477037791815,49.99481686361186
Grenada,2010,0.5382019436384106,1.132328238340617,20.455461213761406,96.28090552243263,60.153005125230024
Grenada,2015,0.4044671648905285,0.9964017864973188,20.325189728070157,125.31135525334636,69.04189716392965
Grenada,2017,0.3621736948489562,0.9380652705891768,20.15865012833795,135.7379177050692,70.85903571391745
Guinea,2000,197.19475951019402,88.90113017109651,1157.9996537964591,2449.0541864019488,2561.020490327959
Guinea,2005,192.66624617540757,94.52692068487852,1379.5303616363544,2806.881193301369,2879.952924621384
Guinea,2010,198.90327268825328,94.77643615869015,1436.7765777877862,2657.273094100771,2993.477420345705
Guinea,2015,216.23569826255843,115.12108720798271,1647.5082479193964,2604.5545620164953,3386.590223873693
Guinea,2017,223.45566391163345,120.12369218579212,1705.9219964858967,2586.602387814713,3488.592955445717
Hungary,2000,29.341848582230615,55.809332197360774,3661.917721880697,16502.916741932106,14672.24045481604
Hungary,2005,21.221628335083533,40.42090381197739,3057.0304470361143,17671.80350709842,16003.880656654681
Hungary,2010,17.32563122242638,31.706499610450248,2167.2298342425797,17226.133704210668,16148.228985854517
Hungary,2015,16.7591324097391,29.11330284319924,1882.6353418242495,17211.034203057105,15821.888480613608
Hungary,2017,15.086641015273704,26.80636571246452,1637.809748372046,16039.689399284249,14418.68633236674
Iceland,2000,0.8574029794880457,1.7083780399809347,35.38306123584747,310.40675276128445,155.59884825573468
Iceland,2005,0.8200538522339953,1.7126040927583903,35.031759229431984,333.95702744233637,155.5288705608691
Iceland,2010,0.877463852743375,1.7454452527902606,34.697328000883694,358.6945925736219,175.12815614898034
Iceland,2015,0.7819607140411363,1.603523759435423,32.674555597581985,390.98717508871835,201.9288028107814
Iceland,2017,0.7343339234899809,1.5451732454966867,32.362007697654555,406.1248143031537,211.57977245751977
India,2000,7637.461776822115,13284.745191720953,119150.67860255727,137142.74120438978,236949.4930718104
India,2005,6903.763876986604,12737.359869942307,122462.09852752124,171249.48542210695,251922.2053433341
India,2010,6160.426068503563,12151.199602568622,143908.64072639108,229412.9254986139,308715.2948953794
India,2015,5989.107577042904,9059.672477391545,154776.92731780148,285934.5212074939,400764.3240593379
India,2017,5379.723010514905,8566.829243128865,164703.40780262958,313170.5837980954,437679.60504830955
Indonesia,2000,1863.6303086072887,2420.1040519764824,31256.37720228402,38178.89614071664,59591.83186216393
Indonesia,2005,1787.6461961312866,2334.299144641502,34245.40273656648,46055.198540745645,66211.60437077095
Indonesia,2010,1560.7403075235552,2391.282745750042,35989.138361387464,54405.85482334125,73586.23592589985
Indonesia,2015,1229.9760607239605,2306.454908880787,36440.99242200956,63669.92842561035,84303.9336050143
Indonesia,2017,1103.5694426369716,2241.738498846888,36612.961156476,68173.16398414716,90703.43565879598
Iraq,2000,269.94705709725673,614.2388591458678,3520.924898870079,2673.54124374286,4546.600686073106
Iraq,2005,329.9273626980173,703.9021727619719,3557.7471466218544,2707.02604082628,4680.951338440575
Iraq,2010,311.8096808582785,695.4416508404328,3341.8968267807727,3043.8731225185716,4917.737600902186
Iraq,2015,317.6912357100855,655.3772407558024,3244.0951538237005,3670.765239273962,5156.463630042875
Iraq,2017,320.17967713527537,652.4667694874663,3375.7930160290266,4025.854685344291,5405.613788233496
Ireland,2000,10.482996186409249,22.063918174527398,589.6246879945207,4773.770402915351,2698.2902907136067
Ireland,2005,9.805643079274496,20.256323977545527,571.1835053892511,4864.031939989862,2712.9384213001417
Ireland,2010,10.651770512305287,18.340865009577836,579.4077146624859,5192.34330880214,2817.3993581425584
Ireland,2015,8.177632740368526,16.785526697082446,512.2529008757106,5715.123944396053,3023.384343876227
Ireland,2017,7.368160346432921,17.013161506541838,501.16641856969613,5992.240848454787,3062.7396019503017
Israel,2000,26.365309641530377,46.71936199554404,885.0479174187423,6139.123320699501,3154.020906304209
Israel,2005,26.885717439110213,47.69864024133393,856.157046105358,6509.2511518350475,3399.501795329082
Israel,2010,26.958524374889407,49.75653748812671,809.742085372773,7209.811383517524,3638.820678762821
Israel,2015,24.48134988501265,47.523661294167404,802.6163042528655,7557.579490504527,4108.0266368031125
Israel,2017,24.367614507297038,47.60643661313622,855.335466054204,7930.59063109701,4108.100588480231
Italy,2000,106.26383241418556,236.0223643608538,8478.856554414811,103657.51336497118,54148.694108509124
Italy,2005,100.31135704762971,199.9960591296874,8033.25806645005,111242.83941615882,50061.19268539816
Italy,2010,100.2769886577072,188.67556249832538,7811.049448641133,121375.27555489205,47381.19369075782
Italy,2015,85.39620536826246,171.79384466426924,7098.6058129571875,129315.80842710836,48401.71235364286
Italy,2017,76.62083933382883,182.64627861509257,6538.308532243687,127058.96393248904,46720.24556484988
Japan,2000,210.16395270151278,380.8346112609112,15946.470843577117,187585.06569968452,110161.121793146
Japan,2005,186.58620343284576,334.6177511757465,13342.173712917851,230962.58315679262,107062.04266269543
Japan,2010,168.43346331413537,303.08431927444883,12332.338681483576,266936.79800631024,104180.86907441012
Japan,2015,147.30807396257904,281.56822712136176,11105.87033748332,296880.2352471869,94843.25951340132
Japan,2017,136.36949554763746,265.6936504701754,11155.217897200651,311071.90988729673,92068.88723109863
Jordan,2000,52.7743921489759,114.18024522715382,530.3687575054045,437.894755207296,824.0037738550274
Jordan,2005,47.42535026884699,107.40479467224836,614.5117307081805,604.9218600155592,955.8128152179344
Jordan,2010,55.46052612986945,77.9082130768538,679.7200357067262,959.7024949880037,1147.2414173013
Jordan,2015,60.60555543395484,89.46286299290169,865.9292647815802,1395.987517293755,1554.8855399408246
Jordan,2017,62.06007775458861,92.88703976362137,944.1421959787604,1592.7686565442016,1810.194204797232
Kazakhstan,2000,80.36659407916378,180.93656624572566,3545.2404052554216,6274.994397846338,9963.796632141954
Kazakhstan,2005,78.15164109422663,142.85064649686555,3475.51853398932,6094.269486589918,10362.400706867531
Kazakhstan,2010,105.85233043189956,107.49470617040359,2907.9307187929167,7100.436986555884,9072.90976531573
Kazakhstan,2015,105.91283876949477,128.68618362780066,2391.138663315177,5775.322684830749,9164.622321029512
Kazakhstan,2017,102.16254847443878,132.12655980937174,2438.2374353156324,5771.795926757442,9955.308436774012
Kenya,2000,322.6941207645193,324.571662819391,2829.0235126570037,3355.7435165104,5486.503049250577
Kenya,2005,355.91858039231215,388.9359903288722,3383.525265930692,3937.488943745564,6282.050846832681
Kenya,2010,396.4271250912192,493.6240220502237,4134.319127057026,4715.937597473369,7782.817651195397
Kenya,2015,398.5678483789419,502.5934602727759,4540.7594474000625,5568.964120199583,8966.167599744318
Kenya,2017,434.06192527501327,518.2782485832698,4789.661295680498,6008.701194552579,9622.001112760508
Kiribati,2000,0.8359475679383698,0.9140278147742024,19.585109877347694,16.44011663822902,25.905330601497266
Kiribati,2005,0.7724479021505093,0.9243916202913184,22.06590417831211,18.599819271255924,28.923956993802147
Kiribati,2010,0.9191797233364531,1.0021884386886144,25.052103502257328,20.56952771963948,34.97114771632816
Kiribati,2015,0.8174703568586067,0.9836115573904538,25.66970638251506,21.788719960611626,41.07847500410254
Kiribati,2017,0.7880449175982737,1.0107989255377527,25.747295382764644,22.024337647151885,43.63041377396857
Kuwait,2000,9.846081759342985,14.013670833041685,169.87689858042918,200.08924413975063,205.90206281815966
Kuwait,2005,9.048912723284104,14.079605653037124,189.66360647804157,277.480493431956,239.57993997750359
Kuwait,2010,10.272070190372922,16.50648759984351,229.98731282100186,304.23438312354625,299.20354535670447
Kuwait,2015,9.12534120054166,17.02083518992434,273.3647033438805,363.7435377650686,407.4933937906424
Kuwait,2017,8.57317090528595,17.02222799661843,307.3108272533863,423.89423550103567,476.07315889213487
Latvia,2000,5.560976925145441,16.62339429946947,474.912375517336,2465.0796354612453,2613.691220010888
Latvia,2005,5.2570434276890765,11.104201726225002,484.0914309557597,2984.4105113180944,2660.891352154445
Latvia,2010,4.881883468205737,8.766229861971125,369.9262058716268,3282.784625193705,2342.821336760799
Latvia,2015,4.0614637642966365,8.051024388338602,289.8558745481401,3291.346286138683,2135.223361761361
Latvia,2017,3.809784871929452,7.622806932076392,280.3956272320359,3180.310248944845,2148.548517847227
Lebanon,2000,37.963162121198394,94.80045733658251,747.1988882543277,1485.6449514342844,1777.0635688238324
Lebanon,2005,30.14031953606168,84.5856049340657,806.0476114834752,1980.9251450453128,1961.0930080089997
Lebanon,2010,29.277757121228014,87.48938962317237,993.1030087162667,2482.0085464648278,2228.0495568986794
Lebanon,2015,32.45634928438662,97.30805964585859,1372.5560819502455,3026.19149135074,2650.892713570713
Lebanon,2017,30.74227049901765,96.0001927043275,1472.472227922047,3302.7300019205754,2801.182412504525
Lesotho,2000,6.175957515168017,14.624954804457726,304.4935611255322,584.8454654162728,827.4494323653455
Lesotho,2005,6.921645807236351,15.451495275681118,353.383067340682,622.3666821812748,918.9066971168137
Lesotho,2010,6.735378233843018,15.828531163251952,336.8624331767291,603.4039451668967,900.2548647209703
Lesotho,2015,6.91118207373027,16.019319431344872,347.2941289712548,604.9920487311435,915.5753650371292
Lesotho,2017,6.492557731735968,15.411985632435126,326.3232166872212,580.838823665743,868.7822297030664
Liberia,2000,42.86112715426675,22.15229306288844,273.2560430989247,568.5259147384387,531.9480154313244
Liberia,2005,41.64779472913255,20.05952770034075,289.2194195695251,616.8945800070823,553.992362188284
Liberia,2010,46.573748536488154,26.12508932522882,360.5749717804631,656.0759381605748,648.0721588226345
Liberia,2015,57.59167331210666,33.01990761399564,437.5194149155784,709.9135902032739,769.5197957891094
Liberia,2017,53.12131477672439,33.63621737188865,464.2227655910991,735.1410063347491,831.7721512779892
Libya,2000,46.844801494379894,80.06747210804463,704.1224483374052,1039.5856438098426,1265.8602931991775
Libya,2005,53.12986226352174,82.61914287863874,826.9602027424071,1206.7500598873062,1395.7353848375697
Libya,2010,57.59834279574161,109.58359505928837,1181.892168609768,1746.4211690741806,1660.6412090926467
Libya,2015,48.84448899869703,108.1318814631065,1390.8982451232953,1750.8517967020841,1996.0200804523831
Libya,2017,46.422016540551894,96.3209592805854,1414.355426818392,1803.8914896902413,2224.6208908229464
Luxembourg,2000,1.0665786069337295,2.00496637423917,76.08093825637044,593.8126002511299,358.4366041940993
Luxembourg,2005,0.8541618775127752,1.7421407075492912,71.76216524107059,631.6527663822185,347.1838226044512
Luxembourg,2010,0.7726709945140926,1.6962435867301562,68.06750538356853,680.9543924734667,352.6649429917257
Luxembourg,2015,0.7146120472860703,1.7448502129432475,71.76193418389241,769.0082509842398,404.06591906125334
Luxembourg,2017,0.6930566401934469,1.6941174758018862,73.68251659333485,800.1914118865977,429.756550042248
Madagascar,2000,338.0476951863709,333.69010909206236,2201.956606307486,1932.7799381015875,3242.2646502793186
Madagascar,2005,320.82540418597375,240.78375555484112,2307.21562757751,2028.927072610392,3530.4433011179326
Madagascar,2010,354.35178013769746,278.387643588164,2631.3562197189967,2049.7975822655208,4114.718648640536
Madagascar,2015,407.26938443425973,310.696201242456,3029.4783231669,2224.4149143673512,5038.503735737073
Madagascar,2017,414.01662035248876,322.39739599867266,3201.2863167112373,2360.503715652915,5441.3373760623335
Malawi,2000,456.4342387088916,219.06812715399437,1753.8905826418743,2147.5087080582957,2987.3332667044037
Malawi,2005,522.8122430849597,255.2430057833084,1702.79586416922,2306.761968456182,3027.8361453767743
Malawi,2010,602.8689508724128,356.5089580785041,1800.5017842176956,2474.4877852862633,3152.452327172265
Malawi,2015,672.9481334126551,411.39239957330267,2104.249421716197,2858.333268299636,3534.280573726558
Malawi,2017,636.9021606443713,415.4123843668963,2271.601599692515,3055.3012208896253,3713.382944603531
Malaysia,2000,103.12028652825614,272.10688222651765,3014.775087047989,5595.978347999896,6346.5277970708585
Malaysia,2005,99.28702024843399,256.4427696283529,3237.5376422746813,6378.960889121911,7438.791226717813
Malaysia,2010,72.40508398853477,216.0905162637277,3461.055992527577,7987.559176278046,9088.302756965422
Malaysia,2015,77.03174318279838,243.49956348609874,3809.826848725572,9903.034631870472,11168.682378593083
Malaysia,2017,61.529758968252295,236.1102410225229,3893.007500880035,11023.718938599952,11842.190571863792
Marshall Islands,2000,0.35572457624695714,0.6596925337883022,11.473409655299788,8.013702585008119,13.228053564798376
Marshall Islands,2005,0.4095331262372511,0.638145749257198,12.959071944787064,7.783327912696568,16.64873193199036
Marshall Islands,2010,0.3702702568741387,0.5884571532156303,13.534294103046731,7.841554916836345,20.79571094382912
Marshall Islands,2015,0.3120736675444314,0.5548409251874219,13.881754837254162,8.765565929067067,24.515573278014728
Marshall Islands,2017,0.29213745693989634,0.5433818606386212,14.00458828768854,9.640163702513247,25.68190847639882
Mexico,2000,1081.0219090208566,1499.0123631523131,11139.118426389276,24619.12092798596,21958.591729686104
Mexico,2005,967.7894415814463,1483.2794883276115,12210.449356629819,29767.807567534404,24941.86889464485
Mexico,2010,805.4861467502359,1424.5881141885602,13821.090022421875,34762.38882824018,28392.026902187237
Mexico,2015,790.5458634276623,1318.9786976710445,14229.187407184405,40657.1971630724,33822.666908367006
Mexico,2017,750.9067593077381,1292.754770980753,15028.648580972185,43329.28794889584,36879.972272048406
Mongolia,2000,16.26848005597728,27.061802346893877,566.0449664296685,997.5433651645067,1608.9692877386674
Mongolia,2005,14.219103869273033,23.42369408717013,674.6797486325697,1152.4972130779504,1566.6651339254308
Mongolia,2010,14.182475530283618,19.55152292177558,723.615604635523,1393.9992579833965,1867.5068967326188
Mongolia,2015,14.142865660785734,20.761688670068104,728.6741870809618,1414.8067976725195,2249.652521993284
Mongolia,2017,14.816749283468894,21.39129326095399,753.1285817665602,1496.333980747656,2525.2660002162647
Morocco,2000,181.60310909101062,418.8772017340026,3411.1247295585044,4838.630424798775,6481.772186220922
Morocco,2005,164.56829144970303,376.16194602745264,3853.0510923777065,5631.108371844305,7344.459595314654
Morocco,2010,167.1290835894496,364.4881525484252,4201.024323888928,6717.054429394929,8624.784404811722
Morocco,2015,154.40998756336128,365.59304836630656,4350.69596232986,7865.067509753367,10495.349399024446
Morocco,2017,142.0339305245337,351.2113188859412,4404.554726579857,8280.009797348086,11327.090263554082
Nepal,2000,156.337245788826,192.89380936557203,2062.084927104038,2943.5373227458367,4640.4884635370645
Nepal,2005,145.24782604038617,214.8638368638345,2106.782952650768,3637.5345646569203,5238.3033816761135
Nepal,2010,123.2828789289497,222.20189375881043,2351.2100684289708,4749.155608299389,6512.6229482837625
Nepal,2015,112.52221306445792,210.36094357872597,2728.501648644057,6197.174952037941,7998.8128675619055
Nepal,2017,105.86861881106483,199.42772846138988,2835.8541683102953,6708.844885123244,8464.541675104401
Netherlands,2000,39.093898224525,67.84252462237241,2785.9439539884715,23852.574481632677,14049.637336920812
Netherlands,2005,37.13053676696488,62.51836514017282,2581.191469572876,25337.25192418724,14559.679204628137
Netherlands,2010,29.97483725770586,54.3509112609426,2316.3913612778697,27943.31141683376,15965.804663927836
Netherlands,2015,25.56158570970259,45.459486476497965,1981.380011721182,30989.07768798957,16552.852888380174
Netherlands,2017,25.394363126006517,42.36164205710423,1945.4707215214664,33122.02945671587,16718.289271417263
New Zealand,2000,11.686790995723188,23.66891497694734,571.2900170145393,4617.896454873158,2530.3198006097477
New Zealand,2005,10.400569765428843,19.165476669277208,598.3812439659807,4889.220531533744,2629.5264245210387
New Zealand,2010,12.116468267564022,16.341903213621524,603.9429382155048,5301.017484970999,2857.4073623480717
New Zealand,2015,9.621555393551347,17.468032462062098,541.4603052076885,5833.365488860148,3058.0160702854682
New Zealand,2017,8.918145187492806,18.394527605857693,545.2379922587523,6076.967933682931,3188.542609817652
Nigeria,2000,4323.331545845407,1575.5198031767925,10311.429609375491,22901.197316334237,20378.07038724237
Nigeria,2005,4285.291114236814,1730.1557436538428,11471.041726995307,24984.80486528109,22202.6918887976
Nigeria,2010,4657.4648529677615,2322.2474618547376,12897.306693779798,28857.928168393653,25554.924215874213
Nigeria,2015,6368.195109314319,2874.1592100946173,15245.478054687903,33858.74998405465,31636.161333867643
Nigeria,2017,6828.666175391501,3153.6832005430792,16292.420239656987,35396.319836427945,34884.11365382852
Norway,2000,10.521686025708505,19.50828342785053,637.7387690460139,7234.869123168125,3050.195609673476
Norway,2005,7.749396281703131,19.069202016450568,585.5766387804792,7053.920899482536,3168.2793361607505
Norway,2010,6.872292882746758,17.025614162859906,558.3438934534406,7261.2661888116345,3584.133632043213
Norway,2015,6.0753856045950725,12.783844152875119,486.31568809763877,7250.617206467804,3541.948397372081
Norway,2017,5.822512137283224,12.561295997481995,485.8828369917894,7540.452751958756,3566.2110558633917
Oman,2000,9.448989670337648,22.1781399353401,168.0079989408302,200.01151194365352,257.36975257739
Oman,2005,6.028838011169316,15.260976955188086,173.4819304299171,201.81636129873158,268.2805095425573
Oman,2010,9.78308998027505,19.02785382571761,216.70557641426856,280.6412080244537,342.9695080927341
Oman,2015,15.0795776633411,22.686903842867714,325.53169198259036,349.0521915086785,483.69014658178736
Oman,2017,15.455747125514204,22.84755396691223,357.8191486668882,368.1901319318928,512.441874868414
Pakistan,2000,2982.129206763795,4580.779865666805,25249.944727575854,24671.710942759484,47104.857442258515
Pakistan,2005,2754.3430685506873,5398.289610215411,30166.11385747875,27668.85865731574,53034.09886901142
Pakistan,2010,2971.574888412566,6580.894401804937,35886.604718773226,33056.11525630799,60007.75400776199
Pakistan,2015,3058.592642653113,6707.655669402087,42028.394645767614,39912.11122764172,69727.79393464769
Pakistan,2017,2983.6365114388177,6636.3482859695305,44271.23694651732,42927.14964467679,74168.33045460166
Panama,2000,24.20012901561181,33.86768279658275,310.1244085349227,999.220535763809,700.2625121370897
Panama,2005,23.78199993155264,36.37074689463103,352.60410959002985,1185.3904850520246,817.7994968259729
Panama,2010,23.226374956504067,38.651758725080256,412.23304057909485,1398.9040349223142,977.084998227113
Panama,2015,23.944654878596683,38.427695103398044,440.59344256462873,1685.4896112011475,1170.351107419875
Panama,2017,24.476845109793448,38.58317487374842,455.1130981329042,1788.805655645746,1211.5262973851966
Paraguay,2000,31.709704781195164,71.01649567760529,639.1943802518338,1469.3425809977753,1302.1999961217966
Paraguay,2005,30.66030580754645,83.69195242117462,727.6752450165504,1822.9920290757395,1599.8206020783246
Paraguay,2010,21.218027115639433,66.38219492573029,764.424080369545,2109.290658087179,1898.4503845516479
Paraguay,2015,13.728990757897975,56.09993244579103,800.2737573088934,2311.312722686509,2161.642651795265
Paraguay,2017,14.089174240180158,56.128225917988495,826.1640456024429,2445.558856447697,2307.4589609396617
Peru,2000,293.4761580301356,429.35412232071434,3499.0309512393687,8448.356977411391,7060.726138863194
Peru,2005,233.01952339065488,379.3682663946472,3637.3972922427147,10114.567468179248,7582.715298862207
Peru,2010,183.17949913626302,360.2728585832823,3933.8136186701427,12571.82034680295,8914.317682758892
Peru,2015,159.22680311169867,336.8171745396287,3697.71220619415,13527.090087364482,9121.585155548904
Peru,2017,159.04201965559554,338.58808236710894,3774.6719022847933,14528.780010788072,9711.795151354056
Philippines,2000,1075.8237577862017,1422.6331581087109,11561.882748576189,12399.456237482369,19884.697409679677
Philippines,2005,1236.3260393851226,1573.403380460796,13557.802217898909,14994.410723900846,23336.387065288836
Philippines,2010,1134.1439273736612,1493.8813041888855,15108.197191189678,18394.709802483696,28025.157042173527
Philippines,2015,1074.7906342552378,1520.8818975085494,16660.22361161556,22094.910277143925,34897.75248050111
Philippines,2017,999.5652264627723,1460.7900240717474,16930.958746209584,22922.458610827944,36966.54127802812
Poland,2000,78.96903716362408,201.31373432202943,9151.91504106806,40903.60733079904,39383.628528656525
Poland,2005,63.930084708822854,157.8268352260696,7688.919646832399,45989.8676506733,40481.332674184436
Poland,2010,64.40292407768426,122.35609345682484,5935.126799115263,50040.39298086097,43649.33240554762
Poland,2015,56.803777522631634,109.18402712261593,5444.527141358737,53793.72002485339,50340.9184324497
Poland,2017,53.343364598964264,101.54172504659704,5421.370402280505,53637.032284962996,50052.63854994701
Portugal,2000,33.13684333820167,63.93797918298845,2111.9239787319657,14161.331545946328,8368.150787464776
Portugal,2005,23.582956048920554,50.13615332096305,2013.6316926133036,15127.188088779309,8395.653272366959
Portugal,2010,17.672957883473888,39.41970197559088,1944.3732607933407,17159.170098319082,8786.027163986171
Portugal,2015,15.005084221421106,29.922007381372232,1503.2598858112588,17819.30644000248,8793.360093776568
Portugal,2017,14.095069348597043,25.708762449601554,1482.4273320928626,18850.84652483521,9226.735011066932
Qatar,2000,2.0233488113256914,4.293591447221864,47.08082896411594,45.32481688316528,89.72767785501128
Qatar,2005,2.2442151048518006,4.300539004746364,63.516134992739566,56.201354816468324,122.45263590679392
Qatar,2010,2.795281260598047,4.799629388813505,123.71167328523957,77.7107591982047,189.1834537478649
Qatar,2015,3.295292281783619,6.123620526177125,179.37801579177312,98.58284397518965,286.47397463005814
Qatar,2017,3.4805374513757785,7.01547523691059,196.7172923456356,115.45892637100144,336.8330259347939
Romania,2000,82.52335332779569,190.0769210522718,5382.528157416348,15153.724361216846,19625.5329752074
Romania,2005,68.48560812204373,128.91105590315323,4985.344768918407,18827.584217272604,20914.672943890157
Romania,2010,55.972437141137135,102.32340306827874,4304.766433478351,22262.262831771914,22203.421699010025
Romania,2015,43.720412478629214,87.42494466219776,4110.339048510759,23465.32410958821,23111.276426285123
Romania,2017,39.888418120571494,85.86041437221375,4238.633912624264,23250.52422796644,23614.0329026168
Rwanda,2000,301.86984160369127,171.87879701624126,1295.1314499073628,1026.4544365206386,1963.501694980744
Rwanda,2005,260.58549434598945,173.36116556667827,1134.9989524443326,1088.1502120033838,1888.5432855612808
Rwanda,2010,255.03029684784698,164.57553577294627,1109.4969057378876,1294.4393338699906,2114.175850264172
Rwanda,2015,251.16664652272183,180.22009797448777,1240.7864406499798,1595.267828204735,2613.653274480739
Rwanda,2017,255.9793455218148,176.97475388852496,1305.660451586385,1731.229452087178,2838.052579951274
Saudi Arabia,2000,195.7643306829201,188.13509276867654,1387.296577320111,2164.5210513700613,2239.654664002225
Saudi Arabia,2005,165.514580035026,170.4896571137351,1734.7378180331295,2533.355076495844,2845.333817132467
Saudi Arabia,2010,126.06006169338373,136.69275097796518,2297.037440264863,3027.2846188749645,3977.259565455444
Saudi Arabia,2015,99.85018708114369,114.04759446993992,3227.026109623507,3004.0331360418986,4628.613244266425
Saudi Arabia,2017,89.73851780156386,107.78169842769964,3604.451900938509,3098.6950553867277,4942.678969104254
Senegal,2000,184.70739740859239,89.1718551853821,954.2302104372003,1854.1025975534494,2061.081131824771
Senegal,2005,231.49430239818767,109.94636392829088,1078.8821424934952,2305.3386750627387,2430.8368564431685
Senegal,2010,200.1863841747346,113.24770430561308,1171.3923848895067,2750.0467695769753,2864.6823956841686
Senegal,2015,210.07853355798562,130.4529471757603,1322.3395155076496,3292.232915179741,3518.412606262207
Senegal,2017,204.92111709969586,133.37205864195369,1380.147948004288,3449.653424761089,3762.434786014502
Singapore,2000,8.08746524108088,14.9396793685336,546.9347936490773,1733.7582732603805,1637.5777318327907
Singapore,2005,5.583862070931794,15.902501964502505,534.2329259646475,1869.8445083816825,1744.7730791648214
Singapore,2010,6.945328443146258,15.585290330893395,503.73527171958716,2113.479388783089,1903.3334605302484
Singapore,2015,5.7201136531336605,14.022241358684848,496.5328803580648,2450.478277369645,2182.1384912253125
Singapore,2017,5.185846904598419,12.572749728192148,484.7064141740963,2659.554686540315,2286.9444432460173
Somalia,2000,365.9498250604151,165.43494548317082,1639.7169905341946,958.8172968213756,2899.934632369671
Somalia,2005,334.8128512231171,188.974806201988,1570.3807369240415,1108.1562346950902,3315.9510971789477
Somalia,2010,454.0488761606706,288.3301391389414,1733.0095862277244,1371.3495238600135,3870.844058389089
Somalia,2015,451.823723861634,325.1364464472105,2098.4087571206,1728.781309616926,4218.573665008625
Somalia,2017,454.3442714299605,333.2741529172758,2316.206261849177,1917.1343885625015,4278.4634680436975
South Sudan,2000,164.48740485160005,88.2334018005788,901.9484337556024,1099.1742327369793,1658.8687017370721
South Sudan,2005,186.50285423807233,105.9487168455872,977.8434828082338,1089.2073085448121,1643.3278555054285
South Sudan,2010,245.52212282314733,141.466408144398,1160.805778928783,1124.417682705623,1777.0404207442334
South Sudan,2015,293.2942068868928,168.4642927645076,1237.8472351169016,1179.847087942752,2030.6790020157507
South Sudan,2017,275.82967110960874,166.55364274177495,1268.001963685099,1201.5600286910899,2182.012943683506
Spain,2000,73.86330225379241,177.36351664311726,6729.38823490643,57102.00790608809,31305.505103671054
Spain,2005,80.93402546548272,154.66165046395682,6902.896209157541,65243.84514740863,30838.94101368384
Spain,2010,83.45793196050144,147.71653587215627,6470.924479890128,70200.85945131702,33174.639964072114
Spain,2015,67.72698530804789,144.50856170488174,5589.309524272112,75673.07989487759,35287.38839603185
Spain,2017,64.99510562826468,135.57905568283093,5260.010180007673,75167.70328773987,35028.98927213195
Sri Lanka,2000,69.77004257086766,109.38439108566105,2038.366759057469,4405.092319749805,5524.776608436234
Sri Lanka,2005,101.56754785575626,99.20389595202732,1949.4556162808428,4504.697120008637,5768.56781307234
Sri Lanka,2010,62.69556139339797,87.69707838913129,1885.7648774963345,5223.022979683702,6495.154210827763
Sri Lanka,2015,57.524013487352136,84.82777811571505,1868.150074057384,6514.383892347292,7594.191661370367
Sri Lanka,2017,50.613623731008424,80.96185135823693,1870.1282836940034,6915.403692022315,7710.945023732041
Sudan,2000,482.31541149058893,336.6070102859249,2038.7821034940466,4015.299603218761,3691.450345248302
Sudan,2005,538.0359390385274,411.77129020067895,2226.190408472441,4365.412532258402,4114.234189770496
Sudan,2010,539.1782977539922,484.08330738756734,2535.9818073598167,4723.512322719469,4568.27344588397
Sudan,2015,532.0854890271501,576.6287924448045,2878.1611714750875,5249.685687283932,5211.781963184756
Sudan,2017,499.59126064786216,584.253554664135,3017.730595946024,5517.8674887482175,5551.194364210282
Sweden,2000,14.488985871259393,37.516189596777075,974.0003942370756,15058.685920564643,6201.540781470843
Sweden,2005,15.609297031262278,33.2744762701971,901.9165518055127,15342.922325075215,6662.058845358981
Sweden,2010,16.15248410795286,28.826729817437467,858.8459653053427,15532.722234859886,6931.6797734991505
Sweden,2015,15.223621890747044,31.992038166049277,835.6803771673773,16507.044781551638,6520.675159294052
Sweden,2017,15.084022550652927,30.860259353567415,819.1862874674312,16958.953217043538,6228.874439467348
Switzerland,2000,14.176227740357628,29.55302900983387,950.8097499592744,10018.501402868542,5390.377487016417
Switzerland,2005,11.261722225909775,26.945768957462644,926.754718675197,10226.063560431345,5285.286517759966
Switzerland,2010,9.879458226372703,21.001578322951268,869.8914738169838,10981.730288416536,5616.952968850028
Switzerland,2015,10.959047155659313,18.493559049028022,723.8442108692009,11791.63591749741,5436.3447913430045
Switzerland,2017,10.309747216486489,18.497831895493697,686.3512566525387,11876.361795766508,5290.5676536107285
Tajikistan,2000,49.96882079186776,97.33597271372494,788.3807203259677,858.3705927835234,946.6892005071657
Tajikistan,2005,47.042478510802965,92.64248332461732,981.2891960307167,912.4947805940095,995.5622462351254
Tajikistan,2010,53.492302075619534,93.50349830025469,1163.883243345943,1109.2259401503316,1248.4827094954805
Tajikistan,2015,62.823035373760916,111.80796434612115,1302.9400172094693,1156.344595266521,1740.5668183689374
Tajikistan,2017,63.210839660483124,118.40738460151366,1367.7766189956924,1163.114334944488,2008.232535901202
Thailand,2000,315.07405490396,660.2107891286862,17186.61707672872,22187.141136953458,30045.750624477016
Thailand,2005,273.3126795567,511.43099243575017,15361.860310112595,27804.074983768278,32333.35795411052
Thailand,2010,194.77995819827075,354.5784531612455,14187.62248866988,34384.1398045229,36762.37085111599
Thailand,2015,167.31271634758357,305.55887344121084,13535.030819223915,38775.87290400743,41331.337991422864
Thailand,2017,159.46975977077525,303.95260450310576,13625.175609499485,43417.37236978834,45090.39242549903
Tunisia,2000,63.29983785976301,106.58601876194851,828.6006364427136,2758.434528006321,2461.007744139535
Tunisia,2005,54.23151952370921,90.30938060008238,952.230538095182,2998.602545418139,2608.301129284283
Tunisia,2010,48.89754565945596,77.76812038936626,963.4989043245088,3559.5772086777974,3034.5599615023466
Tunisia,2015,40.601919454855924,67.90903542252714,958.0449778205948,4159.944562939535,3692.1626431313894
Tunisia,2017,35.77792552368083,65.21338329553113,964.2147576426074,4377.30151205612,3966.857882162118
Turkey,2000,1171.4644510804922,990.5684102525805,11851.352661941592,21236.023001380814,31227.61325235644
Turkey,2005,903.6317150391897,854.1082176621723,10661.590374562573,27771.71925127225,33352.420841041465
Turkey,2010,622.6716904636288,764.5612704732557,11336.356502066112,34377.36745078021,38868.91638745723
Turkey,2015,434.77908561008684,675.092229839443,10711.762626647942,36988.09183522213,41981.87768907879
Turkey,2017,385.0353707612492,626.9804133324843,10758.65331340588,37930.76638505477,43058.556723629656
Turkmenistan,2000,34.88176159832424,60.837116726646386,564.3439457275922,599.2978260204487,898.7415417121013
Turkmenistan,2005,28.644504456555318,51.812357387161036,714.2528013867031,775.6035629864771,1060.1945190536878
Turkmenistan,2010,31.56753643854564,49.83491394705429,739.2389440311957,817.7257907123842,1134.5143242667466
Turkmenistan,2015,29.786517117732945,54.84467941659553,827.7895512520648,886.7536113781105,1564.7793483950643
Turkmenistan,2017,27.69023288498654,54.53282652121246,816.6544732613561,890.5525385441672,1735.1045235243844
Uganda,2000,890.5831533203836,496.3629459757256,3204.195362844504,3455.3800001166987,5534.133853186489
Uganda,2005,1026.9960377917098,597.8982954089687,3439.191410904557,3858.835783889321,5932.639968299664
Uganda,2010,1110.06308680813,728.884563523728,4093.211926842597,4546.4921915526675,6400.948529747538
Uganda,2015,1276.3897464557526,895.029915406872,4762.393965609901,5307.112274903146,7473.2234639068765
Uganda,2017,1189.0730786522583,900.4868744478033,4933.936693790225,5638.577161887484,7997.396390825814
United Arab Emirates,2000,12.601330080832925,26.244414513758816,433.9738859864345,227.61986488490732,530.2952909670578
United Arab Emirates,2005,16.595097056748873,26.062684340910486,602.735385257103,259.98798084314393,708.1312267622204
United Arab Emirates,2010,30.664637457750192,33.43152176681343,1273.6873810348995,310.8584676767166,1046.0694501112364
United Arab Emirates,2015,30.908786970989514,34.85488936602177,1721.5793337444113,367.68592938561613,2079.3252392226314
United Arab Emirates,2017,27.581882178205557,36.13790035704096,1895.1528599496191,412.8842829070217,2735.688423604385
Uruguay,2000,16.742702208402402,27.122012864932838,653.6761451519641,4715.763357993103,3118.205264190046
Uruguay,2005,14.574893895942964,26.063921183650013,621.89278579336,5150.129834253092,3002.5023924348857
Uruguay,2010,12.453053166875382,24.898189578095973,624.2055638096402,5406.664742578947,3044.79677976934
Uruguay,2015,9.776979222067787,19.08801689622036,597.9776944767771,5570.330309585178,3140.2238769073515
Uruguay,2017,10.349427553100393,19.568371080943088,606.2513502350704,5716.403234019633,3223.4063937069427
Yemen,2000,236.8821293439328,272.7650133023541,1493.2632154307892,1896.7747206047518,2767.2805338629983
Yemen,2005,254.94145944653587,313.09847050955847,1737.3301339191862,2379.9741004661914,3293.1425460136843
Yemen,2010,261.42485043682444,380.89695480966606,2017.3106911912744,2915.392180189824,3896.702617523111
Yemen,2015,258.30489203356706,414.58979898385263,2382.584200498477,3512.6907897746155,4526.385907579947
Yemen,2017,248.785183880127,428.39874531039527,2602.932807105068,3797.166314506157,4864.860547614214
Zambia,2000,337.0275941133354,220.7511317385908,1527.4985587806855,1612.7255292615955,2470.5987155870303
Zambia,2005,365.2252168653254,236.3859715652077,1439.6395418986172,1673.8106513790826,2202.0964212566405
Zambia,2010,403.9649584580326,281.20621784766973,1712.4722085582714,1925.5319906111802,2536.220606531124
Zambia,2015,425.78632599798,302.8347144789867,2061.6249221803423,2266.6497245423075,3099.4316264153163
Zambia,2017,431.55325402818727,309.2605524896043,2252.3259737221483,2441.570156309346,3391.284679392053
Zimbabwe,2000,134.19894296239607,178.87423403086942,2243.573564046992,3471.6232918154533,4192.459304485151
Zimbabwe,2005,140.63135074725494,212.77473290917732,2741.911348141496,3489.4188137304577,4899.137984614623
Zimbabwe,2010,151.7086942507064,231.8246201036651,2589.3619467659805,3081.949753171726,5049.437823548033
Zimbabwe,2015,162.12019044762363,245.61957419892985,2507.225932306991,3020.4272544586343,5070.436357216107
Zimbabwe,2017,160.9306384829894,249.43561790266529,2620.8710146400917,3169.591069584303,5238.9943907682455
