Entity,Year,Liver,Breast,Stomach,Colon,Brain and nervous system,Leukemia
Afghanistan,2000-02-11,520.1515504170144,699.2872999414489,3279.1654752808727,877.743536058151,653.6200837652489,1143.06139840428
Afghanistan,2005-05-15,537.5228072750239,823.7536983710602,3478.610787237919,972.5767720537784,816.578966270981,1495.370695888226
Afghanistan,2010-10-13,552.1626096021873,991.7601857769282,3443.93111171828,1058.201621866218,817.0411379453477,1548.9314103430625
Afghanistan,2015-06-08,591.0628758527888,1203.3194243266125,3504.978044500258,1179.4935071598145,907.1794676438533,1729.6187465330595
Afghanistan,2017-07-07,612.9036033151688,1295.5511168467203,3613.8932580595924,1248.7400563119165,961.102864248558,1827.9267352611926
Algeria,2000-02-11,332.251642450183,1088.7251097559406,1023.2959217476005,1041.6322825429304,444.3208741834447,902.3861385827164
Algeria,2005-05-15,427.46062502083987,1475.3587179571045,1136.99357890175,1295.7632885545759,487.860753858977,970.7645125842038
Algeria,2010-10-13,530.5563207904695,1834.3324733257693,1272.4758216935968,1547.4860830605164,544.6570316795809,1107.7556865164133
Algeria,2015-06-08,634.8320999831577,2099.4211340472234,1376.1614312974616,1789.867063839346,610.6313099199878,1157.6157457503632
Algeria,2017-07-07,676.8882316870885,2233.244606842778,1428.2832109287092,1914.9416062902703,632.6891463015535,1185.8286232861665
Angola,2000-02-11,574.146485720926,484.99698893901336,606.5500509035625,458.3893020859105,191.6923403365519,416.25263358585687
Angola,2005-05-15,650.4728058092619,601.3853989119882,607.8313032587897,533.4448031418199,233.489991310171,495.09036920746917
Angola,2010-10-13,698.2579208048741,739.9637915595337,628.4889614391527,650.4764972589245,259.51252619936514,549.8025869556102
Angola,2015-06-08,823.5188171367301,942.6930428571793,663.8114208266261,815.0343680623956,291.628330959479,603.7885749598262
Angola,2017-07-07,879.3555524200243,1048.6981170442953,698.0128217048069,896.644171073455,302.80229481809863,618.2772930834476
Argentina,2000-02-11,1865.9391188884345,5540.687398950306,4987.489202059403,6890.420082162707,1088.4380443562693,2180.9450989123247
Argentina,2005-05-15,1823.2379430704864,5862.756128413308,5102.318085375643,7650.770775591845,1253.828219516405,2232.042148817728
Argentina,2010-10-13,1916.572505246419,6136.034814021874,5271.164544125963,8324.895368439433,1417.3377269584687,2260.8814342749038
Argentina,2015-06-08,2118.459871135827,6396.652282948105,5269.652075622743,8976.823587764711,1573.589901541321,2353.248412641585
Argentina,2017-07-07,2226.3940977451475,6602.296272352642,5295.185615931393,9285.7177780992,1625.7362344250355,2411.300447335733
Armenia,2000-02-11,298.7843694712172,493.31068407110894,470.56556162366667,354.32076439108613,156.54618857523482,152.3379947438555
Armenia,2005-05-15,346.7915928135264,509.4812537380343,510.4061795757019,416.91636985629935,173.7656341461016,154.01864172509286
Armenia,2010-10-13,383.64583974043836,526.7754895399189,535.2271624373541,476.6776713265744,190.700192379658,157.6244752078193
Armenia,2015-06-08,404.9505528222748,516.2130767069614,532.286023247014,528.1727921825346,206.78223752252086,154.43940426393038
Armenia,2017-07-07,412.9307784815654,515.7873012306163,526.7967292880502,529.3385018016471,205.1008350341811,150.5948557342861
Australia,2000-02-11,725.5988253043017,2707.370976460641,1607.181053384694,4950.3764858342765,1036.4914412710934,2195.3597577650326
Australia,2005-05-15,967.8530274749968,2716.4178958986467,1575.765472392928,4916.260946652649,1089.1486602381274,2253.921196069446
Australia,2010-10-13,1335.2380436467329,2976.093347390209,1654.6169850121598,5176.430439627903,1231.0523928443615,2095.023084003305
Australia,2015-06-08,1703.2443278811072,3261.796296444264,1765.0098726389729,5607.694545226002,1394.4317435259977,2088.1150745657496
Australia,2017-07-07,1766.2396948362882,3393.845632315244,1880.2247249897105,6058.96166726714,1472.8262749994776,2242.700538913131
Azerbaijan,2000-02-11,478.08621960964587,474.39155079100607,1294.8405390207902,431.44726897036537,281.99147460097197,393.3196427759729
Azerbaijan,2005-05-15,516.580261322004,542.6444383637185,1434.1102675171005,512.1706278997602,310.3960796550528,412.14156301759715
Azerbaijan,2010-10-13,553.0440842264534,600.0270610964542,1525.0896427111222,609.9958560244936,348.6412750482175,411.8848836971378
Azerbaijan,2015-06-08,659.3881656480353,665.2483536812846,1638.1296393169598,719.3693206285925,391.4130867256529,420.4026509519455
Azerbaijan,2017-07-07,722.465148288479,704.9803141283368,1740.3107616140924,779.8172766196299,415.16594477012563,436.5991147257965
Bahrain,2000-02-11,13.526115902448186,34.310058172704146,18.613618242085842,22.9107700991082,8.035560683434756,23.390685399730803
Bahrain,2005-05-15,14.854638982054253,42.33375686320697,19.61747823853481,30.29297593530099,10.601442467414707,25.604438579946738
Bahrain,2010-10-13,16.003534502087096,47.72858419874266,20.823517325319465,36.70343419908588,13.103430784117696,28.01133184327139
Bahrain,2015-06-08,21.323566946253084,60.80335490784684,26.013162070146088,49.75502514730218,16.41477240614551,32.69270194314809
Bahrain,2017-07-07,24.908269567992527,67.26122723154053,29.901416975881318,57.11626520987626,18.16210197153087,35.83046270339998
Bangladesh,2000-02-11,1531.4175703309688,3048.785494272373,5640.628955084479,4990.520069011186,2703.5704134564817,3851.3009461237743
Bangladesh,2005-05-15,1900.2893771513245,3626.0624560756787,6286.124660838374,4976.891394745526,3246.1180144486248,3845.274286961354
Bangladesh,2010-10-13,2278.184310571361,4722.023510769299,7167.91601443232,6089.723422304978,3639.4859054748995,3872.9730166739337
Bangladesh,2015-06-08,2621.029149570405,6505.143931825683,7181.497429318985,7334.093309928975,3862.01225435174,3885.6107085711046
Bangladesh,2017-07-07,2864.0692626925343,6927.208093082913,7688.389007857138,8147.059207961125,4132.073518627573,4033.6238689319866
Belgium,2000-02-11,656.4111884495992,2708.966665727123,1453.316507056389,3490.6603933232527,642.0810949570937,1162.6132231416084
Belgium,2005-05-15,637.7866713249363,2561.727646282218,1297.8726747518526,3463.5725189441664,568.8962741574397,1215.6432579963698
Belgium,2010-10-13,806.2086801422157,2649.061174352169,1399.8920690999716,3608.408341069221,629.4959924382756,1478.0913082746804
Belgium,2015-06-08,972.8014216250772,2621.4841951517224,1346.196000228874,3607.0019899615263,722.7179580407591,1367.5614259384226
Belgium,2017-07-07,929.9941177748643,2489.9032225568685,1304.353848182071,3604.909093777682,718.4788763331226,1334.2197293095353
Benin,2000-02-11,608.6839026275476,213.3728778191377,315.54236059138105,172.53213857120065,48.48417752156677,141.40064433393215
Benin,2005-05-15,570.9616065429246,247.6863221224853,366.09521245680304,208.6811267212389,59.773053414385785,161.298487323949
Benin,2010-10-13,589.4110757256168,303.81551750809285,428.59476598307936,249.11568093420996,74.64739235763494,190.50630840657317
Benin,2015-06-08,663.9926718377862,386.4204537789283,491.74665493106465,297.11861208041734,97.17214522369946,236.0075257911789
Benin,2017-07-07,694.3882557861039,416.7942796161927,514.4957482151689,317.250878453442,101.4482323591608,242.2042164495819
Botswana,2000-02-11,69.96314356899352,60.05659263734849,44.47577067305051,62.63605773578947,13.24282697358196,33.75841717694924
Botswana,2005-05-15,75.30259253344741,97.68683077439421,50.5719471350562,84.92909579425671,17.11617021491065,42.08300943691057
Botswana,2010-10-13,77.45469939135705,124.16534714462534,55.56167223506895,92.82835357929687,20.05981800118194,43.692504369237696
Botswana,2015-06-08,92.74367564267298,142.70477425854358,58.91059670485175,103.25728123139947,23.864331387523194,48.34030493271294
Botswana,2017-07-07,97.36387449117498,143.9138756580299,59.70096688038611,107.18210024838771,25.095173383251108,49.84322057681714
Brazil,2000-02-11,5873.956554410666,12210.260834967889,17338.458612548766,12301.47926229583,5934.5030184766665,6538.285308648513
Brazil,2005-05-15,6988.071936195254,13947.644580511878,18399.05372828808,15162.369973693216,7021.163064608939,7184.306885157436
Brazil,2010-10-13,8410.781911565964,15979.367710283213,19247.898577608128,18311.5302882311,8147.008530913173,7789.846913650538
Brazil,2015-06-08,10596.936410453727,17473.485361921797,19633.970671647243,21099.211896483997,9354.595498715978,8201.342454894075
Brazil,2017-07-07,11851.315609856309,18725.1241613988,20707.53836329773,22851.15271009566,10114.345558957635,8634.579425161264
Bulgaria,2000-02-11,754.8100127849126,1240.9979298655694,1765.886205167298,2456.596236818556,496.1787940803195,485.6243686343889
Bulgaria,2005-05-15,798.4459555451174,1331.3397257108495,1683.5788257543688,2765.287051216388,593.1301614727128,523.9912317734069
Bulgaria,2010-10-13,772.4505025729172,1380.3528311740995,1521.816727631412,2948.505154660773,642.3138223576468,578.1581819646043
Bulgaria,2015-06-08,775.1985248410634,1417.1582376530282,1364.5841644794427,2928.662402608308,665.4507314278002,536.4004334604307
Bulgaria,2017-07-07,797.9759984107612,1379.8731478916854,1342.8588626536205,2914.332025110481,659.4386129387115,528.046954343699
Burkina Faso,2000-02-11,1539.724325834608,609.1280800266439,636.340236457142,604.1150294978028,233.6707615609121,264.99315317555113
Burkina Faso,2005-05-15,1263.9080442237034,673.195983222785,719.2923147519765,669.2899637884567,246.4973156634261,283.28415725234333
Burkina Faso,2010-10-13,1548.8895810538418,785.989996963304,841.5708150705063,774.3401638972649,287.74962324684736,327.53431803657236
Burkina Faso,2015-06-08,1444.957562115792,994.6417839168988,1006.2088131072603,940.2562783689416,381.4331727511535,419.8075123120133
Burkina Faso,2017-07-07,1426.1335715444702,1079.059351358563,1062.8726698502016,1008.6445061727077,414.9208393602655,452.4286034154495
Burundi,2000-02-11,224.60872667381489,273.3291566678624,270.93932638063467,183.30367823078632,84.43371908405132,140.6952369727193
Burundi,2005-05-15,205.35843572193886,268.76640732282567,250.98967131180416,194.59691544637008,93.68712623499344,161.33628827131028
Burundi,2010-10-13,210.9665334702113,291.1350545036667,257.16257171325884,224.17337855156845,104.792554217739,184.81538577369892
Burundi,2015-06-08,235.7412130221359,337.5636947229345,288.7720183291123,275.3979975162216,119.59194034828415,210.19219288232296
Burundi,2017-07-07,248.46881591525988,358.6999164451939,305.23324572428385,295.85393778699915,122.74605768539752,216.2156714030734
Cambodia,2000-02-11,568.8868337773739,613.6528703835628,874.1755110966553,657.0013323887572,218.0424693991128,552.3040086080474
Cambodia,2005-05-15,632.61132905888,734.4314925662634,873.8204635739377,731.5382739838418,238.70409312534372,596.1943987150163
Cambodia,2010-10-13,730.7449684394703,866.7509505358055,922.7487874569293,867.7705497814889,261.88260048726534,647.4234765188878
Cambodia,2015-06-08,865.4716303308028,1025.0274970584385,1016.4937854933052,1061.526420236057,301.6799139884543,726.71474752882
Cambodia,2017-07-07,930.3501066443342,1085.063590197927,1068.7738386112483,1152.115358449023,318.54649152917386,756.0846819032657
Cameroon,2000-02-11,1692.8629763633926,611.5495115292101,804.3855722980617,528.1957960242867,145.15743173519115,350.77490093305704
Cameroon,2005-05-15,1655.7964189076615,694.9289149410699,965.0196045594677,630.0593189852314,181.99018309453166,403.77919286318286
Cameroon,2010-10-13,1717.5225025195002,860.5758282594875,1113.4285600663206,741.3043614385704,248.1211254596804,516.2798870617086
Cameroon,2015-06-08,1834.7592379584867,1056.9076537450212,1206.3133420027607,852.1748985731916,297.85826919893134,577.4698548619967
Cameroon,2017-07-07,1897.4065169623334,1144.65861385959,1247.970628828576,907.699212598024,322.99170583230654,608.2152658863303
Canada,2000-02-11,1262.5151036448292,5284.036255128324,3570.6485534457393,7641.045658388061,1452.7570101976598,2666.8490963060754
Canada,2005-05-15,1529.086608974033,5300.115890930357,3492.357254717685,8281.7081417139,1533.0012728988227,2898.7140920365614
Canada,2010-10-13,2125.090989774092,5376.909629500562,3919.5536247083173,8708.195319168648,1793.121241842324,2979.645809156785
Canada,2015-06-08,2542.479341373339,5898.827380846795,4297.8718432839505,9799.737859178698,2077.842196224202,3223.0117492107634
Canada,2017-07-07,2518.945658903208,6021.5281685276905,4400.70398652517,10145.129826529695,2106.528158133379,3302.7799903169484
Chad,2000-02-11,733.1129067410948,237.59735586834668,438.6841138610438,235.7385349316344,55.7441671007433,175.15392775076958
Chad,2005-05-15,822.7826278168669,265.89013857248324,511.248686598791,267.4509150358105,69.42808861378244,203.43221965053527
Chad,2010-10-13,768.3954614557331,310.23095229504645,593.5636853822723,313.6686555784428,90.97183218544195,249.97960418350792
Chad,2015-06-08,815.0444578453737,374.67133877172944,664.8524161161108,367.0139186357039,114.16635380268215,299.4416081846903
Chad,2017-07-07,843.5651311142705,405.6338195741195,701.6784771652284,392.3993816143766,123.64844433634028,319.7946072284276
Chile,2000-02-11,700.499985072101,1042.9702973905517,3428.330618814594,1395.286456328968,261.73557299140447,618.1064846837198
Chile,2005-05-15,812.2351311457968,1183.957147622032,3611.9056589304387,1718.5359148998355,327.62018923786184,693.2188876714197
Chile,2010-10-13,1026.205904320726,1380.1247850404388,3949.020486744294,2185.6634618841917,414.643387541594,768.2791558283359
Chile,2015-06-08,1250.5164313168134,1539.9925072002304,3936.0681034042077,2716.8033375167324,481.13162643383134,856.2865980427646
Chile,2017-07-07,1350.4725541436553,1659.7276034080414,4149.8985409227835,2897.72635952939,499.56015154348574,892.9999944760367
China,2000-02-11,320664.11338517966,51845.63370013589,320310.97860073537,96085.89249758511,45371.94874018482,66094.62755942345
China,2005-05-15,330962.3926021959,57462.98913701091,334632.4529011055,114252.78408301836,43241.34685635191,55444.64880339487
China,2010-10-13,337098.3173104127,68679.36437226228,321689.8875796207,141292.14839308642,47071.17733342162,54020.52729751211
China,2015-06-08,394908.66292665905,85435.01309796389,351200.2757923302,176942.2462325331,57835.09222014563,58885.84100926772
China,2017-07-07,418158.6342145364,87564.0858900969,355379.1607747285,187078.08128834548,60696.057541882845,60009.717477596365
Colombia,2000-02-11,1427.0081738268,1890.4143165331686,4588.689903217953,2145.9374115659984,879.78015000489,1694.154258016613
Colombia,2005-05-15,1607.6591364705075,2197.1684522112078,4931.451117112483,2698.2908310127905,1027.4009038069614,1865.5390357942651
Colombia,2010-10-13,1746.3202095874633,2716.119483244439,5229.7319426116555,3470.468121763953,1089.6000548640718,2148.8109647312153
Colombia,2015-06-08,1961.599633370356,3199.042916825932,5463.413182451067,4092.198731696954,1223.2304458909805,2271.107840993898
Colombia,2017-07-07,2252.90997294522,3349.2943542380867,5760.740914982486,4413.095778447188,1328.849863097451,2380.0332735440898
Comoros,2000-02-11,21.881584644265775,28.926390690049807,23.26751082008085,26.248236687998737,7.479891842287879,14.60311204157609
Comoros,2005-05-15,22.46769274603918,33.51429041991157,22.84698407182281,30.499600641675077,8.334615632963281,15.927263272421223
Comoros,2010-10-13,25.064176529528904,41.37727433437816,24.59932225027483,36.8566020582048,10.068632132781644,18.738707438004738
Comoros,2015-06-08,28.05745469091505,51.07994987241389,27.253481966207506,43.92700064160687,11.124836950726852,20.208905350938185
Comoros,2017-07-07,29.368838409911213,54.795526518658534,28.419508428831914,47.09390555300281,11.658304347515257,20.925036218373926
Congo,2000-02-11,142.98669217630285,196.40617617241313,155.18980097450432,147.31503863243734,46.75128726259055,93.22626996899388
Congo,2005-05-15,144.21815232737586,225.5129905397951,149.5984930377334,164.7513121040579,52.6304926112905,99.50493276805305
Congo,2010-10-13,159.87721383691178,274.8790996426218,156.09814765469392,195.77361797068386,60.69551774188272,110.51205325197371
Congo,2015-06-08,187.1862482929067,349.06118284433245,170.46108004823637,240.61994279462945,72.44700661145465,123.8893445161615
Congo,2017-07-07,200.740641612778,382.35968764180166,180.52303014550412,261.36287546021737,77.43567129899208,129.3656766279084
Costa Rica,2000-02-11,152.42874730715695,204.6469392679744,626.0897495118621,254.54306556551086,80.72666404361294,184.1827284540945
Costa Rica,2005-05-15,175.47998547204162,256.9883123110966,594.0604204052864,338.7758633799722,94.71715898735384,214.20071227833301
Costa Rica,2010-10-13,222.787425516569,335.94996783242266,664.1202387535857,473.88978157211005,109.37597615083958,272.97991068681097
Costa Rica,2015-06-08,285.6259233929391,375.6673695586596,743.3234969300058,578.7874037261811,124.67496269099188,283.8974408264222
Costa Rica,2017-07-07,321.1582624235297,423.35919114736174,837.9890406465546,642.459918696686,134.8978973272984,301.53927991538984
Croatia,2000-02-11,423.888598361396,887.875636549163,1081.9365505150631,1650.6075057421215,420.39372197391197,363.40341419645034
Croatia,2005-05-15,443.01570767912176,895.1556009405375,976.8335179192644,1850.0346904444687,433.14845931421576,363.7125869419514
Croatia,2010-10-13,494.5779253645311,983.7701141473414,905.7925736182196,2074.21155111048,473.0220505544618,425.5833606880626
Croatia,2015-06-08,539.7154370978601,1071.6640693196794,869.6998279085985,2318.390851353071,554.7209927303552,451.7465257384039
Croatia,2017-07-07,508.85138125200274,965.0252258518237,806.2147157816196,2181.359822370732,504.25087327815584,417.0910523893224
Cuba,2000-02-11,613.1900146975047,1116.800746069139,779.6927290800269,1835.7266207970913,317.0113598122865,587.0701104539877
Cuba,2005-05-15,699.2196753383133,1324.6851603415255,859.3405250804753,2119.7589143636083,435.95601665676287,611.4310583297171
Cuba,2010-10-13,761.2251234807577,1511.2254306089606,929.3629884179448,2452.272715078221,517.2200474707096,635.1137505847579
Cuba,2015-06-08,845.8818972428082,1674.0982788016101,993.2284654244063,2852.9745237069,583.9878308427205,675.7348976190938
Cuba,2017-07-07,909.420006365861,1730.187651832979,985.8192371562053,2953.256088435273,585.6818412977743,685.6186915728604
Cyprus,2000-02-11,40.6344513562055,132.1809447880777,82.8026254973405,153.86254693673547,44.222809654731655,73.43433048450241
Cyprus,2005-05-15,52.958755535663244,152.7287098853891,95.54175875102901,173.99707954684698,48.44882809688831,83.82090975978242
Cyprus,2010-10-13,63.56615443239191,160.53857888220267,104.58168075903652,185.14937874637414,54.055105590248225,93.97865437594723
Cyprus,2015-06-08,74.64930931447678,167.7418592131253,114.06453158156627,201.53449164930336,60.03588728888609,105.56495573266471
Cyprus,2017-07-07,77.79119436015165,171.99181888234264,118.64036252971209,213.8518571357796,61.93278983566102,109.51158368717829
Denmark,2000-02-11,277.1415820622058,1489.120859555693,581.5942654021812,2202.062239273986,419.35610374537805,910.6476792035406
Denmark,2005-05-15,299.12868425761883,1399.115963227914,573.8914303817368,2161.5448954691365,428.84619426285315,835.6626761429973
Denmark,2010-10-13,366.0172630711408,1415.91554450251,622.2055017434667,2204.230269276848,453.0740088284162,829.5051949285902
Denmark,2015-06-08,424.31255581459254,1261.7932929260915,548.9993366265503,2146.2712668105414,469.7430667176227,693.1720679361044
Denmark,2017-07-07,436.8467072727281,1308.4529893601155,569.849409817321,2260.1422262364763,488.88384129779854,727.6338512216057
Ecuador,2000-02-11,597.2349838368815,423.17707765536943,1849.8810398804712,510.36480962605333,219.2239872165562,503.9932241515256
Ecuador,2005-05-15,800.6966380955997,582.2236849729402,2283.339305375709,750.8170205722816,327.4670581429557,679.6959816896036
Ecuador,2010-10-13,933.3825414501023,708.1831138257972,2507.165581942875,993.9610856782384,409.7594111318127,803.5959399841754
Ecuador,2015-06-08,1022.8457262246876,815.8249069949885,2423.856270928944,1158.098260938775,437.8937103347741,858.5583840069634
Ecuador,2017-07-07,1156.192527622458,877.13470010685,2579.214875013761,1242.6550556070267,458.8998090989024,875.5794455141415
Egypt,2000-02-11,5498.649516660881,2507.001545092121,1311.9403247011248,1553.9767522582094,1348.4338177897666,2130.0198315015755
Egypt,2005-05-15,7685.201814505231,3312.770873691246,1427.7424143086225,1907.262271372773,1696.3151690303619,2480.579501021851
Egypt,2010-10-13,10344.871001898944,3505.1277081125386,1619.9468363961596,2229.7601761159467,1850.8623645913879,2671.074746487581
Egypt,2015-06-08,11691.050388677151,3497.559004096789,1783.613536138448,2660.28505690701,2095.952882088628,2912.637150503186
Egypt,2017-07-07,12289.28997428126,3585.3772302760826,1864.3937490515589,2880.123158044605,2260.305388949483,3013.198310660359
El Salvador,2000-02-11,226.91694659755225,213.02872458617782,639.0174369281604,279.139927682883,98.88175136992832,299.87624866149224
El Salvador,2005-05-15,283.13807114449213,265.5933733047637,730.9205236413385,348.20315526898383,134.60889600036916,334.86517340845114
El Salvador,2010-10-13,335.3132862645895,319.0665560610408,718.3239958132064,412.4630061438343,150.51127831484425,349.47357733566224
El Salvador,2015-06-08,379.39475075810066,361.4846071754185,759.776260068452,475.75529077110383,168.7951438585728,371.0913261800509
El Salvador,2017-07-07,390.6100593571313,376.16959451159005,773.131320411224,495.4157817967988,171.6428339034634,372.95948425821837
Estonia,2000-02-11,79.04817560395875,255.89524307755573,395.12706793291807,372.5815577373398,78.9278330329653,114.16454239814458
Estonia,2005-05-15,83.88676711615827,247.5482632346532,365.8943024788251,417.88680056016864,88.1468000137388,132.5286367920434
Estonia,2010-10-13,89.77726320599872,226.59396527613185,326.1142508752182,426.7189974418214,83.71845781280862,139.64483037643842
Estonia,2015-06-08,93.02839228597557,225.792470036926,298.41473245828166,445.47895564962823,84.7131131068873,135.72293529146378
Estonia,2017-07-07,93.65584199097022,221.09597874341372,289.12537759541647,438.5912512927594,83.00224940302834,134.08939684427344
Ethiopia,2000-02-11,1374.9119337082818,2575.235154479571,2721.2828666856603,2497.7310928956085,1505.207874085247,2625.791342794367
Ethiopia,2005-05-15,1366.6652401340873,2571.884612137057,2369.218143408672,2602.9859112498025,1550.3255808630606,2844.606980477991
Ethiopia,2010-10-13,1430.9892537419535,2952.5321306289757,2208.3547378654057,3064.151951553516,1748.6910096100914,3151.416782568179
Ethiopia,2015-06-08,1595.5696695295471,3610.030746173132,2139.987676933334,3644.882678160477,1762.6804153340445,3389.6464546037605
Ethiopia,2017-07-07,1690.897323302094,3897.771891730508,2210.464140942027,3973.247886925964,1863.4033177966744,3570.7936637370813
Fiji,2000-02-11,30.05021181514843,69.84537052369616,26.454263654487143,32.31061406256236,8.886792190958335,28.767832766469283
Fiji,2005-05-15,35.70767862659172,80.16381123659346,28.035337960620232,37.71642939520067,9.001364689523005,29.86825564265336
Fiji,2010-10-13,46.69995161142799,101.79738335470564,32.72849655434988,47.36662978164703,10.080322861087305,32.08536312847575
Fiji,2015-06-08,58.24443259374807,114.74041235797635,35.52397095410016,56.18409493492855,11.233115965412429,35.08605721051257
Fiji,2017-07-07,62.08677393534499,120.42570644245932,36.67896313155961,59.06779405155458,11.725896421179565,36.463665356604466
Finland,2000-02-11,310.93656027309123,904.3090945296724,678.474192081585,1081.2227457085123,321.69882197839564,571.4132057674509
Finland,2005-05-15,368.5435706155301,918.6841738334854,626.5502777557293,1133.04322219071,335.21948466015203,528.1215945796966
Finland,2010-10-13,424.14961707661973,941.6027977798103,586.1281338102931,1229.3935428402349,354.2491039020271,457.8909475254063
Finland,2015-06-08,471.5746424098983,911.4330748969986,552.2263486001968,1291.6183125157934,351.9634287517837,449.95814351890925
Finland,2017-07-07,493.59113514819006,925.3032450504803,580.9456896797883,1365.6601615200782,365.16253312720033,481.2254301912941
France,2000-02-11,7196.32185467702,13175.699456214736,8025.236976559567,18989.84915137721,3065.5233128864784,7052.915449246566
France,2005-05-15,7974.088580354179,13691.12286243137,7460.593801808925,19484.06829818903,3250.494425615491,7486.518837124884
France,2010-10-13,8737.17482984562,13882.672357298721,7373.350662161167,20263.72926675946,3642.223187904349,7635.503115175313
France,2015-06-08,8920.868852747977,13477.429854455771,7341.388433185576,20715.286397847463,3904.074362076548,7772.699319720391
France,2017-07-07,8933.517221037122,13603.069507822964,7386.330701993654,21135.24730616951,3946.287917917552,7923.593058141851
Georgia,2000-02-11,281.84548692683484,588.2072624542502,639.9692662909414,381.4498416594919,111.07827869864504,188.51762154029998
Georgia,2005-05-15,254.72553162828208,528.9202173045894,731.3715401100972,431.9382915828811,127.88172527187244,253.42372284737675
Georgia,2010-10-13,338.78133425968775,657.2314024983992,843.7466783176941,540.3717142069659,179.58758494036869,275.6087818417789
Georgia,2015-06-08,459.86332997165647,773.1606033123344,860.6426371217822,644.795073187464,246.84419799702786,267.831626863461
Georgia,2017-07-07,440.5005923479985,765.4997322750058,851.1075975233553,634.3119772588966,234.4537119020803,262.719359319498
Germany,2000-02-11,5668.0635920296945,18963.52673216053,14672.736757591443,30309.174208326363,5399.324555703848,9246.45770128967
Germany,2005-05-15,6481.440574640234,18661.626182536573,13331.09241004014,28991.037377964967,5485.69911685985,9805.380550766127
Germany,2010-10-13,7711.427003096909,19511.838269511933,12874.1820702389,28676.586642054885,5794.777185256587,10167.52976191255
Germany,2015-06-08,8373.005500586689,20035.889331575094,13146.62893031456,29801.297689058327,6182.563272986867,10113.870857344296
Germany,2017-07-07,8511.563902830636,20302.44299513718,13519.202867280923,30910.686938477207,6293.635065170909,10392.126027645185
Ghana,2000-02-11,1692.9717782147964,884.2487177012073,837.7570944987954,605.0171430103127,308.82558738095906,591.5663474143528
Ghana,2005-05-15,1865.8047384058225,1025.4119436377036,815.9295305565969,733.191301700595,374.36145315546713,474.6244091419474
Ghana,2010-10-13,2124.377779425703,1282.3585570720309,920.8154940070469,880.3089328637108,435.3986168706357,487.51701053997215
Ghana,2015-06-08,2499.1663565129816,1561.0344260501058,1047.723009310696,1078.701189117284,562.7770373062964,614.2372581070817
Ghana,2017-07-07,2648.007632183083,1695.059042989706,1095.8973507074918,1166.1888172411473,608.2285941638812,653.6071185834569
Greece,2000-02-11,1797.9531706636233,1790.9830784722812,1823.117775155494,2254.955323406301,1025.8230812478084,1312.4053255865954
Greece,2005-05-15,1772.8385047401773,2211.7827718061003,1916.8702987551185,2607.4582175578234,1122.9404403362844,1561.1863597147005
Greece,2010-10-13,1548.912881965318,2202.4476290584075,1855.9605905479389,2733.8077544961225,1194.6823768437355,1499.6099865774054
Greece,2015-06-08,1457.0363880858404,2256.6592005950474,1849.657204592417,3061.440181683282,1190.7712290077993,1488.3245788362192
Greece,2017-07-07,1527.1997421506303,2341.563667274075,1877.5027978278395,3150.0917350616937,1198.9402940360021,1548.9665437554345
Grenada,2000-02-11,4.605391682660697,8.377216458622547,7.0792730196374425,8.406328734757974,1.266623854460583,4.80091326347599
Grenada,2005-05-15,5.612549819606251,10.26529014134704,8.167655762568543,10.697752827207557,2.059832885221893,5.545543461321121
Grenada,2010-10-13,7.3822548039698574,14.470262349241526,10.648136735633237,15.562452486824634,2.7229856501449405,6.912819401507809
Grenada,2015-06-08,8.548080027739987,19.085109498878783,12.960153028882164,19.8468098898124,3.092516884650806,7.949257938628745
Grenada,2017-07-07,8.743386404550794,20.35774122159313,13.526369101463835,21.090338426502523,3.0774829720825694,8.324288031515428
Guinea,2000-02-11,1773.0058216225561,346.58127411871436,655.6356318031069,266.92635018815344,50.976998666009045,171.10270299615487
Guinea,2005-05-15,2407.9406946407853,377.29665381439855,699.1753483121348,296.29981221139235,54.62722609324712,177.11940713463105
Guinea,2010-10-13,1902.1404982796773,433.3009952535569,773.1869837389926,339.4193334718741,63.509031173185065,196.31326778822486
Guinea,2015-06-08,2026.6774858008555,501.4483197285157,798.1446491995122,368.62652510573236,74.67858633413456,217.04826788526253
Guinea,2017-07-07,2051.737158484767,524.1139307973114,794.0468608688478,376.13490075320055,78.5588419652107,223.666612765071
Hungary,2000-02-11,993.3210558474992,2389.135682148233,2363.6207333532348,5276.151135369381,763.8653339006297,1124.9065530654473
Hungary,2005-05-15,1053.8447962350447,2333.6402629985823,2277.286871443398,5713.267478041195,664.378008779139,1261.2921184622196
Hungary,2010-10-13,1048.652730912377,2090.179807972237,2033.2906782101868,5734.044827703559,634.0972908593865,1193.9162543531793
Hungary,2015-06-08,948.257711670797,2259.6272647368505,1775.8488937377247,5588.437559090164,698.2293980476103,1058.001617127197
Hungary,2017-07-07,880.8224400912284,2071.713280649677,1621.1912039925103,5193.632828183928,628.6332829424356,961.5184478216173
Iceland,2000-02-11,9.195083615159117,36.387937526929655,31.19844779178243,49.408762265838156,18.471708473630947,24.442839063495782
Iceland,2005-05-15,9.942062811834628,36.85201070860967,28.725127205215998,51.62875563539962,19.284524284861746,25.195910843082327
Iceland,2010-10-13,11.495310860537419,35.55003422656961,28.19727787972021,54.275758447112416,21.09090066961331,27.274519807462443
Iceland,2015-06-08,14.509379204620373,38.58253332369043,28.115962380575517,61.45072184966419,24.167310356038698,27.218187173731852
Iceland,2017-07-07,16.139687840479592,38.49513726697877,27.800206201360112,64.48095480716479,25.017072810710285,27.354230249020794
India,2000-02-11,16184.877347896456,35921.85682971623,57735.39397054117,33339.45422901346,17265.783271329237,30383.99705235753
India,2005-05-15,19745.95675435559,40957.10256103284,58450.21859304575,38547.62445962947,17625.82993738531,31776.222064136666
India,2010-10-13,25849.589188890648,51804.28098121046,68338.81667835357,48821.831990483304,20515.23593915523,36043.842828178764
India,2015-06-08,32549.265827513525,71870.27715814224,78115.77242517383,62240.84218419419,24551.452717255386,37212.742280232545
India,2017-07-07,35482.93718426145,80223.61043344924,81573.17836645289,68595.5497136263,26590.18230132709,39356.21385117496
Indonesia,2000-02-11,10014.322882007804,13114.39795673492,12303.195514956027,9159.406133580143,5055.204050483362,9156.802325763978
Indonesia,2005-05-15,11594.289041075172,14427.593271680818,13198.168197111345,10396.270009663964,5538.254770388906,10152.553329276352
Indonesia,2010-10-13,13361.644183497132,15490.272399435176,14037.227439743401,11533.812159707259,6000.669528584825,10945.20568678574
Indonesia,2015-06-08,15602.287271822988,16781.63324253074,14787.90046252876,13140.212816836893,6511.417624509929,11520.358326512896
Indonesia,2017-07-07,16751.09299937683,17518.857043775453,15210.273124947167,14064.38650012458,6803.19326427784,11906.024625453389
Iraq,2000-02-11,478.3764269235753,1401.5076517411817,761.2729076760753,703.1681940752349,1015.833644088468,1215.3819831371982
Iraq,2005-05-15,512.0482058921933,1469.9572054409534,702.8143262630127,734.6783429992956,1091.2883571429581,1286.44756314571
Iraq,2010-10-13,587.2120581164178,1466.6449523957588,662.9452892642603,788.2771279317834,1137.9520929911632,1257.8878041963444
Iraq,2015-06-08,730.6683229184624,1399.5489483439728,636.0344565474015,908.7154125677292,1255.6813243058834,1299.1185058579526
Iraq,2017-07-07,763.8947280742904,1489.5976037819687,660.6835489423048,982.1983458500353,1311.4251871071726,1361.4272582187155
Ireland,2000-02-11,143.0493931436034,688.4437793146678,513.6324191632353,1009.0786107358612,215.08654293588157,406.5025049316203
Ireland,2005-05-15,169.3464316598724,682.9444653286731,457.15752563750686,1010.1172584580644,227.7267189932001,410.7956352188049
Ireland,2010-10-13,215.5288560932941,679.1822843262682,458.433998894358,1030.670485534728,243.47215307790626,413.23963743108453
Ireland,2015-06-08,261.5612266562279,757.122408745743,456.4853464363839,1120.2345737979306,272.48542752476044,383.8631902168152
Ireland,2017-07-07,263.2255493739652,755.2745139345927,463.1616145313639,1164.3348809454078,280.12931817338824,395.1999010690547
Israel,2000-02-11,233.7606947894715,1096.3842732493467,686.7220393814657,1522.6479281099307,314.82332322684437,585.2438017024483
Israel,2005-05-15,270.0600593960504,1114.1153456648724,662.83791459436,1515.4899435614027,365.7057254635103,646.5171339212775
Israel,2010-10-13,295.93465324388353,1111.4685039988983,654.328488775134,1553.0624165844658,406.0175006033508,699.6722855867413
Israel,2015-06-08,365.6696159606048,1157.4179786468308,655.6382356777148,1579.3824517745818,462.8172431260598,664.1887877947486
Israel,2017-07-07,375.52944074370765,1208.886755907974,663.3543843500803,1658.162055105094,476.0204067287638,693.1765890558368
Italy,2000-02-11,10380.930355280732,12544.296574403557,14518.04522394419,18672.09099377252,3138.1820310422063,6425.030036414229
Italy,2005-05-15,9911.556278633769,12649.040765512622,12762.222116883078,20913.690961917357,3442.2390923437224,7121.5960366232275
Italy,2010-10-13,9963.229797674392,13132.797228526091,12388.812483726228,21901.22005877087,3766.9805722354345,7699.867301619205
Italy,2015-06-08,10659.226438579704,13758.409868376177,12595.552628715119,21446.33711213596,4118.466750428256,7842.925072115664
Italy,2017-07-07,10615.627363319274,13012.924712576021,12117.160775393826,20981.84711149718,4035.875217502674,7631.497111330814
Japan,2000-02-11,35697.114729823734,10668.178830338675,53909.65636920684,39645.76969120573,1731.5748504959681,7749.3576044278525
Japan,2005-05-15,36084.6901280402,12609.92566120073,55347.58007454113,45197.86809739282,2128.4678210045486,8547.513791125077
Japan,2010-10-13,34394.69167769021,14210.792088599412,55679.89648135299,50299.63142680162,2723.708569135197,9360.042350321011
Japan,2015-06-08,32793.179901190735,14750.105669974084,53946.750773948006,54989.863354603134,3191.869558636191,9717.692684409927
Japan,2017-07-07,31969.938226339487,14512.408659660205,55884.502838110115,57306.746739912225,3101.475480330734,9863.84602971835
Jordan,2000-02-11,47.871368736417104,241.6761478514888,120.96525832461882,193.7076474788355,82.99107868895794,249.16345013699402
Jordan,2005-05-15,64.14080894827063,305.42906414989665,134.21255040670735,240.66875910613925,95.4056866843095,282.9911224958193
Jordan,2010-10-13,86.72291883566284,333.95473029373983,150.61413247818768,334.86224984295836,116.66059461286909,308.9961883485067
Jordan,2015-06-08,124.70054577491287,437.5812944137545,191.14064525889546,466.35690291528465,159.76995153250553,391.65701266135727
Jordan,2017-07-07,142.9062520365489,490.7049950660783,217.27164349656962,535.11192847807,178.44806138749462,435.1044633193908
Kazakhstan,2000-02-11,1344.4528069032472,1332.4871807699574,2902.387711441891,1640.835127078166,170.20905401861603,600.0180653165708
Kazakhstan,2005-05-15,1120.5222566332623,1479.6141033420347,2819.718248815404,1757.8907553414929,379.5846776757686,631.5521795163095
Kazakhstan,2010-10-13,958.7459573436078,1495.9412638232766,2508.088551963489,1833.793223426178,462.7765401956007,609.0462419935567
Kazakhstan,2015-06-08,865.7994875997656,1347.2793466373635,2148.5776327727103,1742.5493855351485,455.3451418199716,566.2374569530016
Kazakhstan,2017-07-07,971.723933087392,1380.2366086558636,2181.7377377119324,1807.059606896,459.31667194414916,580.3940430662602
Kenya,2000-02-11,682.5106211331289,927.7848977749522,1229.5024587503365,843.3232523420157,314.1874556768769,479.5127201656919
Kenya,2005-05-15,849.6852523535878,1051.5354900911666,1440.3825664359308,1059.3360045606385,368.9658332442727,560.9586965269177
Kenya,2010-10-13,1050.94412629829,1296.2712093446617,1694.7597883236276,1242.7013656599875,427.5648137297689,703.8617019015863
Kenya,2015-06-08,1187.5073529413435,1595.2848718935907,1828.861374918346,1497.1252093247574,475.3333700716435,776.5938296198414
Kenya,2017-07-07,1271.0245763153625,1735.0896416563226,1913.1934791886292,1617.611473252787,510.7485647860875,823.7302138506993
Kiribati,2000-02-11,5.718462230493598,5.082065180003927,5.574642309513111,3.6799151341017984,0.6595238705173857,2.6091994245240566
Kiribati,2005-05-15,6.467645472965574,5.827190367057617,6.142828096196905,4.234292622596537,0.7221565708154418,2.7993748597548587
Kiribati,2010-10-13,7.195975908198049,7.0174263930013465,6.91871967009042,4.919546255352062,0.8589172618949037,3.249475611386984
Kiribati,2015-06-08,7.841991037649445,8.190200589167596,7.239249457737183,5.503634354068575,0.9369432309645812,3.472265153421564
Kiribati,2017-07-07,8.088155291339056,8.566110134669646,7.3276831737739965,5.7390581586141645,0.9744693174015534,3.565707636429868
Kuwait,2000-02-11,43.198552347843815,59.66040479454564,32.013014818389266,51.300353208834544,22.405513087098427,56.80168112680212
Kuwait,2005-05-15,50.694716607829925,74.9542231582043,36.24645704044383,70.28414845399736,27.440275835276235,67.54912420638296
Kuwait,2010-10-13,57.37529431312417,95.97601777678976,37.911685117010585,90.42656837563524,37.40341786062565,75.4512522241193
Kuwait,2015-06-08,78.02226217485074,104.93517548311722,42.834997597660994,114.12300603307271,51.26990104559874,77.97539095166677
Kuwait,2017-07-07,94.12103991372948,117.90452763989592,47.70677586102804,131.26119501704952,58.605010057808705,88.5789441521947
Latvia,2000-02-11,120.4351386704336,405.57164480236594,663.7140410092591,644.026256497285,138.21007550490586,206.8661149344829
Latvia,2005-05-15,143.6955834933188,440.1245252559538,651.0856377125523,735.9941055963217,159.00336705842628,207.30490176202872
Latvia,2010-10-13,143.91655800277442,443.7930433129266,568.7163749392877,744.0861417531756,157.6027996775248,202.5314785996869
Latvia,2015-06-08,141.54994852434626,412.94626167289687,506.89952245867914,723.2022681130322,146.6495571122151,198.03858446887483
Latvia,2017-07-07,143.2652573921648,395.51756171909904,488.6104345815376,714.1490730319513,143.668242494408,192.7225679667577
Lebanon,2000-02-11,100.91009075338278,471.89436330516617,262.85121084055856,350.1419892839213,148.53576492157498,308.2614911646919
Lebanon,2005-05-15,114.05399517550478,572.7513936803922,270.46716724990955,434.03842180051873,156.82011592983008,330.6195926716505
Lebanon,2010-10-13,138.28218883286397,697.5766409483355,297.04197106088844,546.43284134873,188.55492997789585,377.37326525790786
Lebanon,2015-06-08,173.28396357164704,901.7715707669597,326.9945804323564,687.0097803871488,249.85455531361058,476.57441144877686
Lebanon,2017-07-07,186.77109214788067,976.7635264079486,343.21620808226226,741.4862718527028,267.4550297381942,505.624263736123
Lesotho,2000-02-11,129.49681876769785,126.66771745573729,123.57944685111273,98.58463313523909,21.837287421710567,63.78107733761201
Lesotho,2005-05-15,137.9077234186734,151.79603565803146,132.4784238009075,111.56158558726038,26.07704383899764,69.17026271735429
Lesotho,2010-10-13,138.0325735640011,148.84678230167367,126.67975267373751,108.47404271972964,27.02540154226759,64.66707792118
Lesotho,2015-06-08,135.1376271156633,157.72749796619138,121.90791828737731,114.22834212371666,28.86829221961729,64.92682528430186
Lesotho,2017-07-07,127.19883710065024,147.87491263447072,114.48130141571764,110.2091048211167,27.81093682110741,61.47515470469228
Liberia,2000-02-11,297.1269179866522,90.09089991548979,144.82141148835487,90.67643156095792,18.280869673770066,56.829807287333175
Liberia,2005-05-15,294.3426584584531,100.89504951768215,150.3906564787069,101.12324534057082,20.30351402173217,58.203295738613605
Liberia,2010-10-13,275.5787887212108,129.81787472994353,172.22372823587432,121.19004949589338,26.00442002119212,70.07373619885811
Liberia,2015-06-08,299.4736969987052,163.1445634274418,187.64550991328312,139.93796472998207,32.652324880122535,83.48761391554291
Liberia,2017-07-07,309.2255428432214,177.1527091369743,196.48718090994538,148.2661157733327,34.241990283209766,86.35914991237631
Libya,2000-02-11,142.41780594249306,187.53278422177917,166.48711631110686,308.503546881985,171.35617720340608,238.25447022264726
Libya,2005-05-15,164.21978775974486,221.30052594239456,184.1168015064964,353.6996170299195,194.82552338148244,261.5714293918499
Libya,2010-10-13,220.78455658314914,302.3729982150407,218.9966184695286,482.4898404195992,273.4755441695616,348.64699144439044
Libya,2015-06-08,259.0354745378611,378.1684951687459,255.20213110847573,547.2337391107344,297.90500952989464,371.47687402235437
Libya,2017-07-07,276.4582030435078,410.7212559403968,279.13544797816377,582.7312953327765,300.56189806302115,376.61927049096994
Luxembourg,2000-02-11,32.68291706792439,93.22897881892752,57.417989499603046,140.694260278426,31.62914478525104,47.13290880893549
Luxembourg,2005-05-15,35.80050101097408,89.55452934927956,53.55568997692094,140.63194643543258,32.756916359701385,48.54196949599322
Luxembourg,2010-10-13,38.355685258297065,100.33928054292404,50.95788850225674,144.32013941905262,34.95263553000222,51.11424970031334
Luxembourg,2015-06-08,45.248998455979226,107.06700176342576,52.491976269905955,154.26899342548847,41.63392490522102,57.57599325568609
Luxembourg,2017-07-07,48.37690544209814,105.70714052077943,54.08871858388174,162.0210985889127,44.95451604754153,61.00031561583511
Madagascar,2000-02-11,415.94910123510255,569.6292541856602,530.8767837299712,557.0854457610551,187.445363106346,352.6520390029957
Madagascar,2005-05-15,441.748912656151,650.4251224022416,552.0507215888504,618.945049451117,192.06436304873588,355.4879082732201
Madagascar,2010-10-13,483.11030489354135,768.5042831389185,601.0088327286102,706.2693024373095,224.4316492226783,417.66546965708864
Madagascar,2015-06-08,558.3219843767657,942.9504951159128,674.5829021799212,836.9912915048541,267.3697717239164,493.72778774076284
Madagascar,2017-07-07,595.0864148481434,1021.97230548009,707.0501316605605,898.0657995757679,284.3411891173198,523.383480331241
Malawi,2000-02-11,389.9753002792229,320.2141233175848,246.66996697166408,262.9642999434013,87.26095874769663,184.0201201129847
Malawi,2005-05-15,379.0207409196103,302.98117250065275,211.90586122126493,289.1773207486022,86.89768933395052,185.3047891400712
Malawi,2010-10-13,376.8932037893703,339.86566986013787,218.9186155462372,321.93467336200064,103.08197695174108,214.07907696092343
Malawi,2015-06-08,408.7678387820758,444.12533998175707,235.7388539922572,378.34133851324515,122.3124965836474,250.9240190457219
Malawi,2017-07-07,427.6323748225376,490.61120364170614,245.67195842135928,405.2697766045527,127.82048842965469,259.6345312511073
Malaysia,2000-02-11,878.4768543093559,1349.4337431896538,1094.5646383928834,1911.4412553125085,312.4544608054452,1002.315726380425
Malaysia,2005-05-15,1121.1421301650737,1634.0033321242838,1087.2844447627367,2102.0912144218187,343.3810106204654,1104.7546489152967
Malaysia,2010-10-13,1425.6284277067516,2007.479014304324,1203.1354161588858,2538.8625980893366,403.19057553369737,1217.3841899477552
Malaysia,2015-06-08,1665.107645540216,2439.1757915546523,1437.76649353662,3290.253624321567,510.986579140181,1358.3649842662087
Malaysia,2017-07-07,1700.3761751269956,2591.9142555455096,1599.426625692023,3707.3280660274404,546.2767851428896,1360.2303488996286
Marshall Islands,2000-02-11,3.0923857506554566,3.0771837128464847,3.6159828082799423,2.5534887454462556,0.6530774667719452,1.8936293508160675
Marshall Islands,2005-05-15,3.6399811084664573,3.6578883051167033,3.8748713845456533,2.872648284793869,0.7599981395988723,2.030820972719729
Marshall Islands,2010-10-13,4.059416439803728,4.1568241795590986,4.173717491532616,3.2709796034118184,0.8346947335694773,2.115241344298288
Marshall Islands,2015-06-08,4.546584779094523,4.669994159269492,4.443235558519921,3.7345725551086915,0.8986548365531452,2.183142424335729
Marshall Islands,2017-07-07,4.742341244084514,4.8823277584789695,4.584622929095596,3.9432562174421055,0.9249007644217041,2.2184625618789484
Mexico,2000-02-11,4238.760197276507,4064.943515343797,5685.878796546338,3676.7252791484448,1629.1105598128452,4196.3076650470375
Mexico,2005-05-15,4999.251288484644,4997.7911691648405,6262.571661520274,4793.421841478563,1934.2348023053214,4578.767181733665
Mexico,2010-10-13,5667.79717372211,5880.55186793679,6883.506408204328,6271.701385382261,2199.7602410722006,5028.8083868935555
Mexico,2015-06-08,6704.983505600845,7099.594048861571,7565.38406924554,7884.665335923528,2480.054379842331,5225.814791367846
Mexico,2017-07-07,7302.420390451516,7624.015268301821,8118.161116365366,8470.681562384209,2625.539387776299,5426.006808816899
Mongolia,2000-02-11,862.152814361937,77.62058520597573,724.7711116334214,93.18544377765829,36.05468008382061,56.073205393395654
Mongolia,2005-05-15,1236.275065145586,84.36469640216895,661.4954876527232,95.34793636507456,52.8662009704615,59.35966212397878
Mongolia,2010-10-13,1645.5522738256197,95.55570335723878,682.0769744678303,109.78303745881432,64.4362479696447,62.24750421738163
Mongolia,2015-06-08,1845.0160521094306,106.02285790753015,702.6842593158203,123.47679454091616,71.50927674737358,67.28777325157196
Mongolia,2017-07-07,1993.8579129897414,116.96667721228461,760.0744264091878,135.46706807797887,76.5805193915926,70.52596603189347
Morocco,2000-02-11,321.18015868385856,1907.8164918048653,913.3862369697467,1119.9447807777274,506.97581709469426,567.7634574071075
Morocco,2005-05-15,359.03739089871004,2302.913471746197,978.8962736074361,1299.0250539240535,561.9362108301164,614.5142002877914
Morocco,2010-10-13,429.7555874375987,2706.7341903266642,1063.2771723370745,1562.4870148439152,648.4614089728848,683.0717459840066
Morocco,2015-06-08,527.9708119095079,3085.9903999191492,1151.3869137668594,1884.5245143304805,750.0055178255182,757.7060221624565
Morocco,2017-07-07,565.9548500630722,3217.725904492869,1199.614948758205,2016.3066482047088,784.7736553794538,782.8688280528658
Nepal,2000-02-11,293.7443909984532,744.1739716766573,1031.9625699897626,607.3731948060556,285.3322490118229,558.7565377490237
Nepal,2005-05-15,366.78363350147316,882.5786211789398,1103.2022950701974,711.8690818454428,311.11489362687286,616.6868121785521
Nepal,2010-10-13,492.1635299723358,1115.6960127896186,1346.2670505315798,901.8543930462564,364.3275926079271,694.6492367643342
Nepal,2015-06-08,671.586847038953,1428.6837910567788,1596.9996604134628,1173.8074759629671,430.80555628941,778.2829348798987
Nepal,2017-07-07,721.15425151146,1535.4623435751655,1673.117712560014,1266.8274905579265,452.43539845111053,803.9722101061154
Netherlands,2000-02-11,531.7192422084122,3881.2517703144704,2436.124161483481,5118.714733386686,757.768624243267,1432.5687104718652
Netherlands,2005-05-15,664.2183006320926,3749.3865091096186,2256.3769921517396,5455.836442858707,821.91557096479,1572.0702845387589
Netherlands,2010-10-13,837.6540723528989,3653.6160730776014,2308.813821614867,5901.893940259029,915.7199801646384,1786.1084168242637
Netherlands,2015-06-08,1092.5020770282017,3733.311064602039,2336.287419664633,6281.858471478837,999.8259627758059,1799.9599757721373
Netherlands,2017-07-07,1137.9798102303255,3914.385761634505,2421.9895651125325,6580.106266814387,1029.34672733574,1870.2209311029346
New Zealand,2000-02-11,168.91964776758732,660.4378414706551,367.0132121784958,1273.5514360619086,212.2890237723292,325.76795698001513
New Zealand,2005-05-15,205.56076411243785,686.0155361296528,332.8752796166675,1346.6176843950454,221.98363496390053,348.8165990915689
New Zealand,2010-10-13,248.81045439542518,710.5944235694426,331.1704488104802,1415.6561493833874,238.17206107684558,366.29581400255694
New Zealand,2015-06-08,280.7287976830961,736.7309206147589,344.36097585544235,1497.3805764890728,256.2352291144173,390.58875183355764
New Zealand,2017-07-07,293.7136219620615,737.1059873936803,353.0085608008796,1555.431658350065,268.3921539274138,406.34938411145373
Nigeria,2000-02-11,2220.608888871419,8226.348235776102,2618.383471544876,3994.20479919793,1053.0000499279447,2285.893441855854
Nigeria,2005-05-15,2274.7807965193233,9248.97234336922,2590.020208912133,4303.236046499364,1282.0655782352458,2440.816970421972
Nigeria,2010-10-13,2433.20285364373,11186.379172927876,2669.580131824798,4852.982972600844,1627.2961160319235,2803.2443849485016
Nigeria,2015-06-08,2823.345185704986,14311.823854886708,2972.185628969225,5766.269786063736,2130.6110854547546,3457.7807300991108
Nigeria,2017-07-07,3016.4821385968585,15759.457438807549,3141.1610355499665,6161.828365014825,2330.5947382412437,3708.943596044867
Norway,2000-02-11,141.017677746902,836.4098207960948,616.427720974257,1713.0992747717191,297.6249156037058,407.7177805358419
Norway,2005-05-15,163.04731129722808,771.8009803089619,512.6327867341153,1660.1240986095625,302.6977922335394,408.54082816630546
Norway,2010-10-13,200.0459783685349,773.3724389560367,483.89799771478187,1745.5975257845391,324.0022079109712,430.2660112636741
Norway,2015-06-08,222.31900820816043,725.3650907782197,429.9112571821461,1719.7309636164725,333.9258684714842,412.25382247412085
Norway,2017-07-07,209.39809559790615,740.9444064799486,443.91990299300164,1771.0327104614205,346.65920812100717,423.7800176634043
Oman,2000-02-11,38.90901772594199,41.47006588279317,88.80140938971527,49.073142354524485,25.988606712000838,62.04224795119917
Oman,2005-05-15,42.38738602797115,48.0455736020836,77.75094771312202,54.54971601438469,25.6183747618893,57.74369944145224
Oman,2010-10-13,55.34842429606001,60.27781396267566,92.67503865297745,72.38494746565421,34.26516543404121,75.15907311150751
Oman,2015-06-08,82.99285679738651,80.89053259627971,114.17448711618454,101.00749222917584,50.99841514786417,100.27635165540156
Oman,2017-07-07,88.70436944539432,89.97021228864264,118.66425829446665,109.00932081528308,55.209779210416244,105.68394861496219
Pakistan,2000-02-11,3817.516165405412,11754.61456348046,4457.286759466751,4782.452754027379,3251.219810600205,5437.546601440648
Pakistan,2005-05-15,4577.941446696981,13369.346398989881,4719.127421838372,5595.133416791636,3720.801939637867,6098.041062525265
Pakistan,2010-10-13,5370.683346679285,15750.780154261718,4953.200845636964,6704.262247163338,4488.946855373329,7260.014524241504
Pakistan,2015-06-08,6337.367916386963,18938.110923261786,5445.142545545762,8071.090086021309,5221.595037436317,7983.439495496899
Pakistan,2017-07-07,6759.17118360699,20241.00861292362,5681.6897416538195,8662.41239835521,5464.702845072829,8193.930773646613
Panama,2000-02-11,82.3670250244346,134.18769557050007,236.27772331713211,178.42697965138973,64.29879313658789,104.46818341644645
Panama,2005-05-15,106.61129138863373,159.8278400284235,262.0575759367413,216.4104051682201,86.36274450463046,113.75941118202337
Panama,2010-10-13,134.47531032844654,206.57407426591675,302.0074435632906,273.564412149364,94.92968585431422,133.1026192017506
Panama,2015-06-08,178.80792449052757,256.92111597903613,340.3111439167627,349.177880472715,99.46519984638886,163.49002351281192
Panama,2017-07-07,191.22079646832984,274.26329713146924,345.6961393901468,368.8419737903406,106.75448530049641,163.89851113683866
Paraguay,2000-02-11,110.0368405084998,265.2726025709296,393.14265861129485,236.13009966509446,67.54106361679814,205.84032452817533
Paraguay,2005-05-15,120.98545894257326,349.33748475473044,411.98879655788966,329.7741581562485,77.53486244816126,247.1089107497125
Paraguay,2010-10-13,141.38272512751448,405.82957296032515,410.2746111929738,430.1071397372992,81.73497218810911,255.67953669568962
Paraguay,2015-06-08,163.66321953858792,465.7927017109077,410.7569723998806,495.4715509253845,90.24404491310679,261.5728836547539
Paraguay,2017-07-07,175.81124757685512,490.7521305316037,432.3983067226113,522.3953048104596,96.88202696002877,273.2031715050319
Peru,2000-02-11,1316.953415414774,1078.0636681212502,3624.5212882562787,1236.3950110087314,452.64050851413424,1104.2947752669927
Peru,2005-05-15,1510.3458328294598,1201.8051527856446,3832.446379428014,1554.0692070134558,596.3351817282937,1155.8055728647066
Peru,2010-10-13,1778.8418672221435,1449.3590892863915,4402.863722297348,1950.7217713046618,748.5409433885786,1250.6607388075438
Peru,2015-06-08,1842.8985914486664,1580.3788453211228,4138.190513187744,2115.322912574233,776.4142121717583,1305.1118487363285
Peru,2017-07-07,1980.802203258407,1682.6231203557957,4352.543196128941,2266.039646291778,805.6326245963742,1351.7108424893916
Philippines,2000-02-11,5680.028696250801,4628.012341911387,2211.5790594608548,3538.359598118696,1608.9769704331782,3436.1784233677204
Philippines,2005-05-15,6232.526099719858,5772.969897345034,2150.373310775729,4633.822440344417,1566.8508766553243,3954.8513813981
Philippines,2010-10-13,6936.5626873485935,7552.658024780091,2355.999244479281,6855.5964358648325,1663.4700108190939,4386.840162271727
Philippines,2015-06-08,7931.3601140640785,9692.486659928214,2661.5015491842696,8873.127119918663,2094.511331929661,4698.580006593799
Philippines,2017-07-07,8432.965871081064,9929.715131306497,2722.2279349757955,9007.225073403924,2204.3342786476505,4694.0166781783755
Poland,2000-02-11,1992.6107019263025,5269.126448212396,6835.321927586271,11551.426184824888,2527.1359298342472,2765.4519327050452
Poland,2005-05-15,1886.5728288965713,5476.594400392163,6454.435597532726,12802.932197560025,2753.364725121183,3036.6606295796696
Poland,2010-10-13,1968.6252333212487,5821.535680239979,6247.539132941891,13996.09969469829,2932.789273153645,3244.3013848550154
Poland,2015-06-08,2261.468336313955,6453.087370033859,6248.0593413855395,15480.693362641969,3121.178148724167,3454.423280960556
Poland,2017-07-07,2319.5768221115923,6259.788886021077,6177.70719640003,15485.95530339664,3107.584468484784,3413.881967480427
Portugal,2000-02-11,731.3447990779085,1878.865574450461,3229.9196604176427,3530.471819439475,659.0284519301872,942.0557121351508
Portugal,2005-05-15,825.1328573769324,1829.3300606070263,3002.5803589466555,3878.661625495293,719.7912353759758,930.3431674827518
Portugal,2010-10-13,1010.9204791752047,1928.7433330916974,2913.9707236837803,4257.012778464883,828.5277535099042,1024.3269603641506
Portugal,2015-06-08,1098.0481549775122,1834.9519258761627,2692.9239017121326,4271.230816929246,866.6852723404187,1044.3055937295408
Portugal,2017-07-07,1146.1644657984793,1964.7527803121804,2828.6197720641335,4528.555564815412,886.4094345856012,1085.6101975032427
Qatar,2000-02-11,16.672434652602227,17.407510548745307,14.052456669434507,18.13651693216061,8.372314725774174,18.259157112587328
Qatar,2005-05-15,23.31026275358985,24.435413991265047,16.888541070271035,23.981561259849194,11.487253361195053,21.2836061203944
Qatar,2010-10-13,36.48799206463659,41.503166758644134,23.55721106808633,39.122713406665525,20.776356896200763,35.539741136297934
Qatar,2015-06-08,54.06379972057192,58.72594842305315,30.157298020026502,54.93298358429122,32.24316943514743,55.70386005873784
Qatar,2017-07-07,63.54691640465018,67.06333536179932,34.9932506128271,63.45327719817049,36.03649003324936,61.30938707588365
Romania,2000-02-11,2007.6301153069587,2892.046717373169,3919.237294970739,4364.910257103469,1196.1155477367765,1196.8877709495725
Romania,2005-05-15,2380.6817644163993,3198.3761721169676,3971.34822210856,5152.622119028509,1373.5295201651131,1324.9353961186246
Romania,2010-10-13,2748.9853069871497,3306.2552501300293,3810.293338927653,6031.998033921062,1505.9004781897927,1396.8983122245465
Romania,2015-06-08,3045.45914156836,3426.9447501648515,3564.887022468045,6601.797799618469,1541.2671571287585,1436.745296036388
Romania,2017-07-07,3144.579058829053,3408.066447934124,3515.9649938788316,6651.476514643648,1562.4536553898904,1427.7860314274058
Rwanda,2000-02-11,290.8872520605839,340.2781221393801,332.59491744832303,217.96914183268672,130.84924091312052,217.68637422233036
Rwanda,2005-05-15,266.75600316783454,356.85163809717767,273.8659808915772,236.96113025322617,127.77426481183454,227.41139462023048
Rwanda,2010-10-13,285.4428398597411,409.5166742493103,266.2831343817048,282.703655676025,133.22899733855328,246.35183965405184
Rwanda,2015-06-08,342.1597670602144,505.8027827787898,297.0353685435736,357.07607236756576,154.14395280204255,279.32537678585163
Rwanda,2017-07-07,366.3092014707306,548.1444648682981,314.55406300536123,391.897793413929,162.53116138540727,292.6364008928812
Saudi Arabia,2000-02-11,641.1224350869495,375.09329884501716,446.51939121983065,544.449176832247,282.2021068352,583.1295217062014
Saudi Arabia,2005-05-15,694.1359820169998,477.74604232051774,480.5656029211164,765.9351853967677,323.5107653492766,680.4596545011186
Saudi Arabia,2010-10-13,772.273155689421,616.2766212413297,570.6073426714772,1069.1085867853626,399.020992075366,787.3857732674561
Saudi Arabia,2015-06-08,853.9712512305249,809.496952430709,590.4283714861873,1260.670192854326,516.4761321984342,883.371448878589
Saudi Arabia,2017-07-07,908.7984705561067,905.4950917587456,614.3120139256843,1355.5784939038804,567.9894589592556,928.5006294398974
Senegal,2000-02-11,855.2471699219334,381.1786592102665,480.4338293024888,324.64670557718733,76.46630579915052,223.01087554633384
Senegal,2005-05-15,919.1927647184793,455.9717907049134,579.2662931953126,337.9946029327235,99.81644658107206,279.5670652166883
Senegal,2010-10-13,1001.7531104797124,527.3211754358371,672.2745972490392,385.25658230997277,111.18021976278351,304.09125994524106
Senegal,2015-06-08,1068.1337505598303,656.4217012076192,802.4302344843661,484.92502177651056,134.58943736651761,354.1763433950074
Senegal,2017-07-07,1086.4691903260043,702.9089284895456,843.3017206667657,520.1626731319463,142.52679737026872,367.7869580535797
Singapore,2000-02-11,388.68957178279715,274.23582613631913,369.2350452748394,586.2030747599334,40.646410010437066,121.96779123614188
Singapore,2005-05-15,409.92152567062095,324.3955808100291,325.94471942583664,625.0007103047623,51.11046029814539,132.82966885970527
Singapore,2010-10-13,450.33110302146713,358.179639278993,310.91092811008383,684.5094610333357,68.38246519129545,144.76893992426906
Singapore,2015-06-08,518.9705401322525,395.610020672218,320.7102045970697,795.8442105017806,86.67272201645619,152.77248841880794
Singapore,2017-07-07,566.816785607463,396.47538849928543,335.53594118224623,845.9373087357062,88.70052042513643,159.20335383733874
Somalia,2000-02-11,346.2895386998001,363.1017761547222,427.4978800929114,415.4607115175648,131.7678016256448,272.65392231044393
Somalia,2005-05-15,385.6111481883692,404.80145168455766,442.09528022916527,479.7205176729908,143.5456366258406,305.7180895023687
Somalia,2010-10-13,440.1256018252437,487.7363247581811,486.43020318865763,574.6617447602426,185.7962666581965,408.95374383650704
Somalia,2015-06-08,500.0073836528703,592.9884420435709,533.9402164640857,666.2255110304833,206.2090967375094,466.36585786248565
Somalia,2017-07-07,524.8906850170505,639.879027015344,557.0889551274939,707.0864033271698,214.89227092457423,489.6765209360572
South Sudan,2000-02-11,287.4950820998972,204.2886443139783,277.0926134245746,260.25197473740104,72.4538513394606,142.8165940037737
South Sudan,2005-05-15,302.77804222575395,217.18477808181564,267.5543384316663,273.61486705073713,83.94209687332182,162.47779660559522
South Sudan,2010-10-13,302.2264380342086,254.74669953223665,277.04770854026816,306.25648274042555,106.09463305875305,203.57714459665652
South Sudan,2015-06-08,316.68104674413274,302.6496658317538,290.45267555557166,342.11046708884965,123.25396987281714,234.38147280299032
South Sudan,2017-07-07,326.21794682615024,323.61933437934937,299.86524174510987,360.5984062195467,124.37329397344124,236.26797086004782
Spain,2000-02-11,4346.970520623915,6484.502064393209,6985.787022285163,12675.351858499793,2320.151302675374,3675.6471732272494
Spain,2005-05-15,4499.953576446318,6695.420573855164,6899.099494429118,14454.755324451358,2538.0076428400407,4070.758812868873
Spain,2010-10-13,4909.967927559004,6942.186382651214,7057.239490377009,15943.780101093464,2743.8961821562866,4208.550407821607
Spain,2015-06-08,5337.636355974496,7183.626497763997,7206.44512542455,17249.727887418252,2960.171206430149,4359.86287631976
Spain,2017-07-07,5362.672504929772,6908.318963148295,7008.689989515951,16954.74404771614,2955.727519572522,4334.5356026073105
Sri Lanka,2000-02-11,316.05415208011163,764.4341564434054,895.7177357855642,743.1419581757394,246.0677677735604,928.0576267778121
Sri Lanka,2005-05-15,431.66452542561495,901.8696697766056,843.1374322668833,842.590860486804,329.9941078267501,970.8416941817046
Sri Lanka,2010-10-13,639.1316088799477,1077.4558194286149,887.1824379467371,996.1241400567167,409.74182678880084,1039.2117078478032
Sri Lanka,2015-06-08,764.3471330130084,1280.2421559861666,926.9347785652741,1252.9897165036218,462.8452737348149,1143.513532905965
Sri Lanka,2017-07-07,773.8991064623448,1314.0715821377255,937.7180830840433,1312.3791372785608,470.84537068604584,1169.2180580266686
Sudan,2000-02-11,419.7028236206542,561.3788658470302,2119.1516256661466,758.9931705482958,560.9125148551465,1075.4234445809652
Sudan,2005-05-15,449.738867016861,637.5876785313262,2259.3333136369088,868.7123876954796,626.8369689269672,1216.470658197338
Sudan,2010-10-13,507.88263874432016,738.3423208436342,2346.9441593931524,975.5359687964681,689.778588768512,1362.2105907840605
Sudan,2015-06-08,581.5027059883719,905.7433951503264,2451.5525678385875,1131.3568643661579,775.263131920821,1523.5741027085162
Sudan,2017-07-07,611.4402125043813,981.9313089049817,2538.520317121891,1209.1096254646448,802.7120520355477,1566.8773432202688
Sweden,2000-02-11,611.3827089825455,1804.624673451044,1115.0098526755303,2983.595494144026,574.7078381346838,773.8705420296377
Sweden,2005-05-15,604.6148410496985,1789.9246518712177,1013.0338193053533,3188.998040675801,611.2712002180018,811.8917118997647
Sweden,2010-10-13,640.8529751825718,1728.0301372332901,913.9842359572663,3218.8417034649688,621.591960859299,844.5125737997133
Sweden,2015-06-08,710.7787532232572,1798.2892522411319,839.1396915705185,3122.7346448581598,613.5163025982595,891.2657297770844
Sweden,2017-07-07,715.2682950783563,1804.481600692072,838.9053971207384,3162.5051238333085,615.494032807804,884.30627182816
Switzerland,2000-02-11,549.4517305291704,1492.3346117654626,778.1226705995751,1797.2600125824015,377.9976608251531,705.0502088807622
Switzerland,2005-05-15,582.7556357551384,1401.0544803016141,683.6349117667229,1742.337292416532,379.9419712814066,733.0352152582967
Switzerland,2010-10-13,665.7139572491467,1500.6884179238255,680.2455421011476,1821.485531802357,421.2423874355915,744.3346700597382
Switzerland,2015-06-08,745.2059916249658,1440.1009193632672,701.7222457479163,1876.4918730029801,459.4398540200369,736.6788146773758
Switzerland,2017-07-07,737.6698736643906,1462.1676354229237,687.5617907026233,1859.3277103900589,451.8880725457014,741.6245393967563
Tajikistan,2000-02-11,181.42267798575128,148.92034894755574,553.9013790998291,166.76312280947337,216.11922048079964,166.67764752882772
Tajikistan,2005-05-15,197.7687610346112,175.20678870759812,594.0969218468349,185.04415924669186,246.49492360432316,172.51874249305638
Tajikistan,2010-10-13,248.46774571607799,223.8861384228192,693.0013421810906,238.30387875827202,307.20472331603145,199.7030208040071
Tajikistan,2015-06-08,291.3239802476392,290.30230288245696,833.5780857179393,301.37559418219035,377.71663150179666,229.78970507117532
Tajikistan,2017-07-07,312.0112431957295,320.59947788875047,904.4816645936585,328.44588394383663,406.6465960284808,241.6870533581356
Thailand,2000-02-11,13454.694144836518,3726.2598439909584,3513.976049100646,5259.988653545679,1650.013490568513,3922.394547624941
Thailand,2005-05-15,15604.311290209975,4490.6840499164055,3471.205275550461,6289.175900843067,1931.609525866288,4030.3124615153615
Thailand,2010-10-13,18385.369961262193,5045.4936798166245,3695.977246088148,6875.970271537952,2071.1086892848707,4277.969529461314
Thailand,2015-06-08,20620.653543668846,5253.961569760282,3898.581585065935,7608.51768970852,2263.422942516799,4429.780244258827
Thailand,2017-07-07,22354.40990241665,5656.1636256727625,4208.791770601761,8444.55065789296,2429.0385207773224,4727.094654764038
Tunisia,2000-02-11,125.39708038443469,505.10484343921365,446.3976000404641,564.5277191703867,169.53434043926566,339.26439429688537
Tunisia,2005-05-15,142.93572545496744,568.2337058366263,457.2318565247514,617.6976181012791,184.38385905785492,345.98012944282493
Tunisia,2010-10-13,167.6273454221579,658.109119690744,498.2661184909463,717.6690841902093,209.06186464517143,377.68216605069176
Tunisia,2015-06-08,199.01396051068485,770.2855761880018,555.1923383765677,855.6998465076633,235.9685491781498,412.51725686717634
Tunisia,2017-07-07,209.70638332602462,820.1917243891701,577.8723636128595,911.0604906445932,246.98263492845277,426.18355912242515
Turkey,2000-02-11,1688.7167936056023,3739.185345448197,7180.67875816278,5073.216705637329,3766.9025713168026,3777.4201767090267
Turkey,2005-05-15,1979.9134373190564,4450.950063721238,6985.91660582077,5847.407819196143,3147.352540981439,3867.563212449447
Turkey,2010-10-13,2774.6617155470967,4433.639640720333,7721.556603131276,7413.510456727947,3649.565918606275,4429.218565527088
Turkey,2015-06-08,3273.485905512357,4486.163103438568,8026.047403424169,8300.905991825217,4190.441934070554,4401.3691813960795
Turkey,2017-07-07,3395.8636290574577,4549.308321213409,8021.683027217393,8561.728282204453,4338.7485821174405,4430.868643837531
Turkmenistan,2000-02-11,109.61311277486129,139.63409216170584,303.00456401364613,130.79140228522988,74.89415338885878,121.27936231215016
Turkmenistan,2005-05-15,151.54173938528078,203.56008454501998,333.46481628471673,172.32442428100282,123.80608689486536,123.05145180617691
Turkmenistan,2010-10-13,169.15765099641698,231.26622242355947,303.7891817241062,191.02812501917415,156.28416753425975,124.61074768730064
Turkmenistan,2015-06-08,208.65354425200584,320.27797695745005,350.1324873683127,241.71602853700008,167.00468667068267,148.73411713242768
Turkmenistan,2017-07-07,225.11907981379971,322.27296017673063,365.4971732146949,252.83203687817613,170.10618574874613,144.3444105911072
Uganda,2000-02-11,860.3585014367721,927.3780354952972,674.4644950503492,705.5965611258113,195.1467779420211,378.08402197858686
Uganda,2005-05-15,956.691864900723,988.5920797979641,648.533941099131,782.4962873823888,239.25788573933488,435.60074789476784
Uganda,2010-10-13,1065.0638932435468,1081.5817091439758,631.0654775289597,888.0377014996299,286.5555987568182,523.4014734927259
Uganda,2015-06-08,1198.823484473817,1332.3703599262965,672.366827497901,1046.5461920017701,359.0022015799868,627.1035070220144
Uganda,2017-07-07,1259.3616701840042,1440.9592407835337,701.2420721069403,1122.266759800426,367.8550547250344,634.7116436545277
United Arab Emirates,2000-02-11,42.585188057159726,68.32315475739006,63.20138730580875,87.89638994128514,83.08569040990159,74.80061852806551
United Arab Emirates,2005-05-15,57.44504086536782,96.25839949181268,74.10959009128057,114.1673316313453,119.99361011452574,97.33972523877905
United Arab Emirates,2010-10-13,97.82418852200205,153.71680817134873,109.97716126578634,183.5180070484893,252.9282319373372,173.9361772466124
United Arab Emirates,2015-06-08,171.82785292402178,246.00167268256183,187.03886970655185,303.5395196320562,353.1589973266204,225.852561971088
United Arab Emirates,2017-07-07,213.133988134583,291.2965067008975,231.75459132148126,369.828559212764,399.0821769541162,256.01679190671695
Uruguay,2000-02-11,90.81691330085494,717.8291631710847,800.8618942872711,1016.2959907833949,128.0005622658797,299.38235944389197
Uruguay,2005-05-15,105.45364676119499,753.1702627499081,789.0152698601421,1076.9035614097036,137.20061838373522,297.26441965841275
Uruguay,2010-10-13,122.56818630021792,720.7331756622899,816.8208861822063,1134.3834300989806,145.17080150607245,314.7527903878916
Uruguay,2015-06-08,144.2020302625755,754.9206665537027,755.3107110348835,1182.0778875530982,153.24378655997918,305.29042035843065
Uruguay,2017-07-07,148.64980424653342,778.376055772673,756.990849687702,1218.1533521787946,157.46224959489578,309.7716516863241
Yemen,2000-02-11,212.50123900478363,354.7609784696288,1495.0816736311267,479.10750434485914,339.76111461008685,703.5429683734471
Yemen,2005-05-15,249.8874578058377,447.9994149881338,1721.3860373094055,600.8413190239811,400.7473838141021,844.533260933467
Yemen,2010-10-13,300.52086421130974,577.63054513,1921.4258831337438,744.2562292970441,475.73610975037263,994.899280856456
Yemen,2015-06-08,354.78285220094887,743.6357261624053,2184.4227428324907,912.7438983628572,544.9758993924677,1124.5494676304697
Yemen,2017-07-07,380.82946511559663,824.2376637756978,2370.531576263597,991.7094780963276,578.8961519236067,1189.7652253020572
Zambia,2000-02-11,492.65743372405007,394.19961447378006,401.0495985292748,407.8324851219114,190.4961768184497,275.1377763383819
Zambia,2005-05-15,444.68208676853135,363.6020567086839,349.1839502930314,407.65683722244887,195.78863188959056,302.56760269271666
Zambia,2010-10-13,489.8546465867264,477.84015943150945,371.6473207695825,490.2082583906166,233.8452310478967,356.45773135015844
Zambia,2015-06-08,573.9064276368817,641.0135334553628,417.28018627929276,602.5095320368326,278.220847888701,404.54291338059403
Zambia,2017-07-07,619.6920669112458,715.7080345758577,445.2984132519597,661.5124817989773,299.97080685686274,427.89191609263963
Zimbabwe,2000-02-11,1121.3005909061508,514.1571663821989,680.112867667316,619.0350503053197,174.58350471269245,309.0954944475107
Zimbabwe,2005-05-15,1182.427416826092,697.0361737420703,756.9029480911777,702.5984480585142,205.1016828125787,339.28494504293326
Zimbabwe,2010-10-13,1151.2832829001218,713.4110990088246,753.1633033827119,648.7520129969747,202.26774991037468,340.5722600558932
Zimbabwe,2015-06-08,1071.65125525863,724.2969297813063,697.470651187621,654.3648414179423,207.92792121624458,343.2788718378427
Zimbabwe,2017-07-07,1097.6778365645766,760.9740380780426,710.4438905821553,686.6880570861842,216.55580157365142,352.85200819005524
